ID,Name_lang,SetFlags,RequiredSkill,RequiredSkillRank,ItemID_0,ItemID_1,ItemID_2,ItemID_3,ItemID_4,ItemID_5,ItemID_6,ItemID_7,ItemID_8,ItemID_9,ItemID_10,ItemID_11,ItemID_12,ItemID_13,ItemID_14,ItemID_15,ItemID_16
1,角斗士,0,0,0,11729,11726,11728,11731,11730,0,0,0,0,0,0,0,0,0,0,0,0
41,雷德双刀,0,0,0,12940,12939,0,0,0,0,0,0,0,0,0,0,0,0,0,0,0
65,蜘蛛之吻,0,0,0,13218,13183,0,0,0,0,0,0,0,0,0,0,0,0,0,0,0
81,邮差,0,0,0,13390,13388,13391,13392,13389,0,0,0,0,0,0,0,0,0,0,0,0
121,苍白,0,0,0,14637,14636,14640,14638,14641,0,0,0,0,0,0,0,0,0,0,0,0
122,骨堆,0,0,0,14631,14629,14632,14633,14626,0,0,0,0,0,0,0,0,0,0,0,0
123,血链,0,0,0,14614,14616,14615,14611,14612,0,0,0,0,0,0,0,0,0,0,0,0
124,亡者之骨,0,0,0,14624,14622,14620,14623,14621,0,0,0,0,0,0,0,0,0,0,0,0
141,火山,0,0,0,15053,15054,15055,0,0,0,0,0,0,0,0,0,0,0,0,0,0
142,雷暴,0,0,0,15056,15057,15058,21278,0,0,0,0,0,0,0,0,0,0,0,0,0
143,魔暴龙护甲,0,0,0,15062,15063,0,0,0,0,0,0,0,0,0,0,0,0,0,0,0
144,铁羽护甲,0,0,0,15066,15067,0,0,0,0,0,0,0,0,0,0,0,0,0,0,0
161,迪菲亚皮甲,0,0,0,10399,10403,10402,10401,10400,0,0,0,0,0,0,0,0,0,0,0,0
162,毒蛇的拥抱,0,0,0,10412,10411,10413,10410,6473,0,0,0,0,0,0,0,0,0,0,0,0
163,血色十字军链甲,0,0,0,10329,10332,10328,10331,10330,10333,0,0,0,0,0,0,0,0,0,0,0
181,博学者的徽记,0,0,0,16685,16683,16686,16684,16687,16689,16688,16682,0,0,0,0,0,0,0,0,0
182,虔诚,0,0,0,16696,16691,16697,16693,16692,16695,16694,16690,0,0,0,0,0,0,0,0,0
183,鬼雾,0,0,0,16702,16703,16699,16701,16700,16704,16698,16705,0,0,0,0,0,0,0,0,0
184,迅影,0,0,0,16713,16711,16710,16721,16708,16709,16712,16707,0,0,0,0,0,0,0,0,0
185,野性之心,0,0,0,16716,16715,16714,16720,16706,16718,16719,16717,0,0,0,0,0,0,0,0,0
186,野兽追猎者,0,0,0,16680,16675,16681,16677,16674,16678,16679,16676,0,0,0,0,0,0,0,0,0
187,元素,0,0,0,16673,16670,16671,16667,16672,16668,16669,16666,0,0,0,0,0,0,0,0,0
188,光铸护甲,0,0,0,16723,16725,16722,16726,16724,16728,16729,16727,0,0,0,0,0,0,0,0,0
189,勇气,0,0,0,16736,16734,16735,16730,16737,16731,16732,16733,0,0,0,0,0,0,0,0,0
201,奥术师,0,0,0,16802,16799,16795,16800,16801,16796,16797,16798,0,0,0,0,0,0,0,0,0
202,预言,0,0,0,16811,16813,16817,16812,16814,16816,16815,16819,0,0,0,0,0,0,0,0,0
203,恶魔之心,0,0,0,16806,16804,16805,16810,16809,16807,16808,16803,0,0,0,0,0,0,0,0,0
204,夜幕杀手,0,0,0,16827,16824,16825,16820,16821,16826,16822,16823,0,0,0,0,0,0,0,0,0
205,塞纳里奥,0,0,0,16828,16829,16830,16833,16831,16834,16835,16836,0,0,0,0,0,0,0,0,0
206,巨人追猎者,0,0,0,16851,16849,16850,16845,16848,16852,16846,16847,0,0,0,0,0,0,0,0,0
207,大地之怒,0,0,0,16838,16837,16840,16841,16844,16839,16842,16843,0,0,0,0,0,0,0,0,0
208,秩序之源,0,0,0,16858,16859,16857,16853,16860,16854,16855,16856,0,0,0,0,0,0,0,0,0
209,力量,0,0,0,16864,16861,16865,16863,16866,16867,16868,16862,0,0,0,0,0,0,0,0,0
210,灵风,0,0,0,16818,16918,16912,16914,16917,16913,16915,16916,0,0,0,0,0,0,0,0,0
211,卓越,0,0,0,16925,16926,16919,16921,16920,16922,16924,16923,0,0,0,0,0,0,0,0,0
212,复仇,0,0,0,16933,16927,16934,16928,16930,16931,16929,16932,0,0,0,0,0,0,0,0,0
213,血牙,0,0,0,16910,16906,16911,16905,16907,16908,16909,16832,0,0,0,0,0,0,0,0,0
214,怒风,0,0,0,16903,16898,16904,16897,16900,16899,16901,16902,0,0,0,0,0,0,0,0,0
215,巨龙追猎者,0,0,0,16936,16935,16942,16940,16941,16939,16938,16937,0,0,0,0,0,0,0,0,0
216,无尽风暴,0,0,0,16944,16943,16950,16945,16948,16949,16947,16946,0,0,0,0,0,0,0,0,0
217,审判,0,0,0,16952,16951,16958,16955,16956,16954,16957,16953,0,0,0,0,0,0,0,0,0
218,愤怒,0,0,0,16959,16966,16964,16963,16962,16961,16965,16960,0,0,0,0,0,0,0,0,0
221,塞奥沙套装,0,0,0,7950,7948,7952,7951,7953,7949,0,0,0,0,0,0,0,0,0,0,0
241,天神碎片,0,0,0,17082,17064,0,0,0,0,0,0,0,0,0,0,0,0,0,0,0
261,艾斯卡达尔之魂,0,0,0,18203,18202,0,0,0,0,0,0,0,0,0,0,0,0,0,0,0
281,勇士的战甲,0,0,0,16509,16510,16513,16515,16514,16516,0,0,0,0,0,0,0,0,0,0,0
282,少校的战甲,0,0,0,16405,16406,16430,16431,16429,16432,0,0,0,0,0,0,0,0,0,0,0
301,勇士的震撼,0,0,0,16519,16518,16522,16523,16521,16524,0,0,0,0,0,0,0,0,0,0,0
321,君王板甲,0,0,0,12424,12426,12425,12422,12427,12429,12428,0,0,0,0,0,0,0,0,0,0
341,勇士的法衣,0,0,0,16485,16487,16491,16490,16489,16492,0,0,0,0,0,0,0,0,0,0,0
342,勇士的神服,0,0,0,17616,17617,17612,17611,17613,17610,0,0,0,0,0,0,0,0,0,0,0
343,少校的法衣,0,0,0,16369,16391,16413,16414,16416,16415,0,0,0,0,0,0,0,0,0,0,0
344,少校的神服,0,0,0,17594,17596,17600,17599,17598,17601,0,0,0,0,0,0,0,0,0,0,0
345,勇士的魔装,0,0,0,17576,17577,17572,17571,17570,17573,0,0,0,0,0,0,0,0,0,0,0
346,少校的魔装,0,0,0,17562,17564,17568,17567,17569,17566,0,0,0,0,0,0,0,0,0,0,0
347,勇士的制服,0,0,0,16498,16499,16505,16508,16506,16507,0,0,0,0,0,0,0,0,0,0,0
348,少校的制服,0,0,0,16392,16396,16417,16419,16420,16418,0,0,0,0,0,0,0,0,0,0,0
361,勇士的猎装,0,0,0,16531,16530,16525,16527,16526,16528,0,0,0,0,0,0,0,0,0,0,0
362,少校的猎装,0,0,0,16425,16426,16401,16403,16428,16427,0,0,0,0,0,0,0,0,0,0,0
381,少校的圣装,0,0,0,16423,16424,16422,16421,16393,16397,0,0,0,0,0,0,0,0,0,0,0
382,勇士的圣装,0,0,0,16494,16496,16504,16502,16503,16501,0,0,0,0,0,0,0,0,0,0,0
383,督军的战甲,0,0,0,16541,16542,16544,16545,16548,16543,0,0,0,0,0,0,0,0,0,0,0
384,元帅的战甲,0,0,0,16477,16478,16480,16483,16484,16479,0,0,0,0,0,0,0,0,0,0,0
386,督军的震撼,0,0,0,16577,16578,16580,16573,16574,16579,0,0,0,0,0,0,0,0,0,0,0
387,督军的法衣,0,0,0,16536,16533,16535,16539,16540,16534,0,0,0,0,0,0,0,0,0,0,0
388,元帅的法衣,0,0,0,16441,16444,16443,16437,16440,16442,0,0,0,0,0,0,0,0,0,0,0
389,元帅的神服,0,0,0,17604,17603,17605,17608,17607,17602,0,0,0,0,0,0,0,0,0,0,0
390,督军的神服,0,0,0,17623,17625,17622,17624,17618,17620,0,0,0,0,0,0,0,0,0,0,0
391,督军的魔装,0,0,0,17586,17588,17593,17591,17590,17592,0,0,0,0,0,0,0,0,0,0,0
392,元帅的魔装,0,0,0,17581,17580,17583,17584,17579,17578,0,0,0,0,0,0,0,0,0,0,0
393,督军的制服,0,0,0,16563,16561,16562,16564,16560,16558,0,0,0,0,0,0,0,0,0,0,0
394,元帅的制服,0,0,0,16453,16457,16455,16446,16454,16456,0,0,0,0,0,0,0,0,0,0,0
395,元帅的猎装,0,0,0,16466,16465,16468,16462,16463,16467,0,0,0,0,0,0,0,0,0,0,0
396,督军的猎装,0,0,0,16569,16571,16567,16565,16566,16568,0,0,0,0,0,0,0,0,0,0,0
397,元帅的圣装,0,0,0,16452,16451,16449,16459,16448,16450,0,0,0,0,0,0,0,0,0,0,0
398,督军的圣装,0,0,0,16554,16555,16552,16551,16549,16550,0,0,0,0,0,0,0,0,0,0,0
401,少校的庇护,0,0,0,16410,16409,16433,16435,16434,16436,0,0,0,0,0,0,0,0,0,0,0
402,元帅的庇护,0,0,0,16473,16474,16476,16472,16471,16475,0,0,0,0,0,0,0,0,0,0,0
421,血藤,0,0,0,19682,19683,19684,0,0,0,0,0,0,0,0,0,0,0,0,0,0
441,原始蝙蝠皮套装,0,0,0,19685,19687,19686,0,0,0,0,0,0,0,0,0,0,0,0,0,0
442,血虎,0,0,0,19688,19689,0,0,0,0,0,0,0,0,0,0,0,0,0,0,0
443,血魂的拥抱,0,0,0,19690,19691,19692,0,0,0,0,0,0,0,0,0,0,0,0,0,0
444,黑暗之魂,0,0,0,19693,19694,19695,0,0,0,0,0,0,0,0,0,0,0,0,0,0
461,哈卡莱双刃,0,0,0,19865,19866,0,0,0,0,0,0,0,0,0,0,0,0,0,0,0
462,赞吉尔的专注,0,0,0,19893,19905,0,0,0,0,0,0,0,0,0,0,0,0,0,0,0
463,原始祝福,0,0,0,19896,19910,0,0,0,0,0,0,0,0,0,0,0,0,0,0,0
464,督军的决心,0,0,0,19873,19912,0,0,0,0,0,0,0,0,0,0,0,0,0,0,0
465,远古祷言,0,0,0,19863,19920,0,0,0,0,0,0,0,0,0,0,0,0,0,0,0
466,极效魔精套装,0,0,0,19898,19925,0,0,0,0,0,0,0,0,0,0,0,0,0,0,0
467,高地人的决心,0,0,0,20041,20048,20057,0,0,0,0,0,0,0,0,0,0,0,0,0,0
468,高地人的执著,0,0,0,20042,20049,20058,0,0,0,0,0,0,0,0,0,0,0,0,0,0
469,高地人的果断,0,0,0,20043,20050,20055,0,0,0,0,0,0,0,0,0,0,0,0,0,0
470,高地人的坚韧,0,0,0,20044,20051,20056,0,0,0,0,0,0,0,0,0,0,0,0,0,0
471,高地人的毅力,0,0,0,20052,20045,20059,0,0,0,0,0,0,0,0,0,0,0,0,0,0
472,高地人的意志,0,0,0,20053,20046,20060,0,0,0,0,0,0,0,0,0,0,0,0,0,0
473,高地人的专注,0,0,0,20054,20047,20061,0,0,0,0,0,0,0,0,0,0,0,0,0,0
474,辩护者重甲,0,0,0,0,19577,19824,19823,19822,0,0,0,0,0,0,0,0,0,0,0,0
475,思考者护甲,0,0,0,0,19588,19827,19826,19825,0,0,0,0,0,0,0,0,0,0,0,0
476,预言者套装,0,0,0,19609,0,19830,19829,19828,0,0,0,0,0,0,0,0,0,0,0,0
477,捕猎者套装,0,0,0,19621,0,19833,19832,19831,0,0,0,0,0,0,0,0,0,0,0,0
478,狂妄者套装,0,0,0,19617,0,19836,19835,19834,0,0,0,0,0,0,0,0,0,0,0,0
479,占卜师套装,0,0,0,19613,0,19840,19839,19838,0,0,0,0,0,0,0,0,0,0,0,0
480,忏悔者衣饰,0,0,0,19594,0,19843,19842,19841,0,0,0,0,0,0,0,0,0,0,0,0
481,恶魔师护甲,0,0,0,19605,0,19848,19849,20033,0,0,0,0,0,0,0,0,0,0,0,0
482,幻术师套装,0,0,0,19601,0,19846,19845,20034,0,0,0,0,0,0,0,0,0,0,0,0
483,污染者的果断,0,0,0,20158,20154,20150,0,0,0,0,0,0,0,0,0,0,0,0,0,0
484,污染者的坚韧,0,0,0,20195,20199,20203,0,0,0,0,0,0,0,0,0,0,0,0,0,0
485,污染者的专注,0,0,0,20176,20159,20163,0,0,0,0,0,0,0,0,0,0,0,0,0,0
486,污染者的毅力,0,0,0,20186,20190,20194,0,0,0,0,0,0,0,0,0,0,0,0,0,0
487,污染者的决心,0,0,0,20204,20208,20212,0,0,0,0,0,0,0,0,0,0,0,0,0,0
488,污染者的意志,0,0,0,20167,20171,20175,0,0,0,0,0,0,0,0,0,0,0,0,0,0
489,黑龙锁甲,0,0,0,16984,15050,15052,15051,0,0,0,0,0,0,0,0,0,0,0,0,0
490,绿龙锁甲,0,0,0,15045,15046,20296,0,0,0,0,0,0,0,0,0,0,0,0,0,0
491,蓝龙锁甲,0,0,0,15048,20295,15049,0,0,0,0,0,0,0,0,0,0,0,0,0,0
492,暮光套装,0,0,0,20406,20408,20407,0,0,0,0,0,0,0,0,0,0,0,0,0,0
493,起源套装,0,0,0,21355,21353,21354,21356,21357,0,0,0,0,0,0,0,0,0,0,0,0
494,不灭的生命,0,0,0,21408,21409,21407,0,0,0,0,0,0,0,0,0,0,0,0,0,0
495,坚定的力量,0,0,0,21394,21392,21393,0,0,0,0,0,0,0,0,0,0,0,0,0,0
496,征服者,0,0,0,21331,21329,21333,21332,0,21330,0,0,0,0,0,0,0,0,0,0,0
497,死亡执行者的拥抱,0,0,0,0,21359,21360,21361,21362,21364,0,0,0,0,0,0,0,0,0,0,0
498,笼罩之阴影,0,0,0,21405,21406,21404,0,0,0,0,0,0,0,0,0,0,0,0,0,0
499,厄运召唤者,0,0,0,21337,21338,21335,21334,21336,0,0,0,0,0,0,0,0,0,0,0,0
500,禁断的邪语,0,0,0,21416,21417,21418,0,0,0,0,0,0,0,0,0,0,0,0,0,0
501,风暴召唤者,0,0,0,21372,21373,21374,21375,21376,0,0,0,0,0,0,0,0,0,0,0,0
502,聚集的风暴,0,0,0,21400,21398,21399,0,0,0,0,0,0,0,0,0,0,0,0,0,0
503,神秘套装,0,0,0,21344,21347,21346,21343,21345,0,0,0,0,0,0,0,0,0,0,0,0
504,魔法的秘密,0,0,0,21414,21413,21415,0,0,0,0,0,0,0,0,0,0,0,0,0,0
505,复仇者,0,0,0,21389,21387,21388,21390,21391,0,0,0,0,0,0,0,0,0,0,0,0
506,永恒的公正,0,0,0,21397,21395,21396,0,0,0,0,0,0,0,0,0,0,0,0,0,0
507,神谕者,0,0,0,21349,21350,21348,21352,21351,0,0,0,0,0,0,0,0,0,0,0,0
508,无尽的智慧,0,0,0,21410,21411,21412,0,0,0,0,0,0,0,0,0,0,0,0,0,0
509,攻击者,0,0,0,21366,21365,21370,21368,21367,0,0,0,0,0,0,0,0,0,0,0,0
510,隐秘的通途,0,0,0,21403,21401,21402,0,0,0,0,0,0,0,0,0,0,0,0,0,0
511,英勇,0,0,0,21994,21995,21996,21997,21998,21999,22000,22001,0,0,0,0,0,0,0,0,0
512,暗幕,0,0,0,22002,22003,22004,22005,22006,22007,22008,22009,0,0,0,0,0,0,0,0,0
513,狂野之心,0,0,0,22106,22107,22108,22109,22110,22111,22112,22113,0,0,0,0,0,0,0,0,0
514,坚贞,0,0,0,22078,22079,22080,22081,22082,22083,22084,22085,0,0,0,0,0,0,0,0,0
515,兽王,0,0,0,22010,22011,22061,22013,22015,22016,22017,22060,0,0,0,0,0,0,0,0,0
516,魂铸,0,0,0,22086,22087,22088,22089,22090,22091,22092,22093,0,0,0,0,0,0,0,0,0
517,巫师,0,0,0,22062,22063,22064,22065,22066,22067,22068,22069,0,0,0,0,0,0,0,0,0
518,死雾,0,0,0,22070,22071,22072,22073,22074,22075,22076,22077,0,0,0,0,0,0,0,0,0
519,五雷,0,0,0,22095,22096,22097,22098,22099,22100,22101,22102,0,0,0,0,0,0,0,0,0
520,铁纹作战套装,0,0,0,22306,22311,22313,22302,22304,22305,22303,22301,0,0,0,0,0,0,0,0,0
521,梦游者,0,0,0,22492,22494,22493,22490,22489,22491,22488,22495,23064,0,0,0,0,0,0,0,0
522,勇士的套装,0,0,0,22864,22856,22879,22880,23257,23258,0,0,0,0,0,0,0,0,0,0,0
523,无畏,0,0,0,22423,22416,22421,22422,22418,22417,22419,22420,0,23059,0,0,0,0,0,0,0
524,骨镰,0,0,0,22483,22476,22481,22478,22477,22479,22480,22482,23060,0,0,0,0,0,0,0,0
525,信仰,0,0,0,22518,22519,22514,22517,22513,22512,22516,22515,23061,0,0,0,0,0,0,0,0
526,霜火,0,0,0,22502,22503,22498,22501,22497,22496,22500,22499,23062,0,0,0,0,0,0,0,0
527,碎地者,0,0,0,22468,22470,22469,22466,22465,22467,22464,22471,23065,0,0,0,0,0,0,0,0
528,救赎,0,0,0,22430,22431,22426,22428,22427,22429,22425,22424,23066,0,0,0,0,0,0,0,0
529,瘟疫之心,0,0,0,22510,22511,22506,22509,22505,22504,22508,22507,23063,0,0,0,0,0,0,0,0
530,地穴追猎者,0,0,0,22440,22442,22441,22438,22437,22439,22436,22443,23067,0,0,0,0,0,0,0,0
533,亡灵毁灭者,0,0,0,23090,23087,23078,0,0,0,0,0,0,0,0,0,0,0,0,0,0
534,亡灵屠戮者的护甲,0,0,0,23081,23089,23093,0,0,0,0,0,0,0,0,0,0,0,0,0,0
535,亡灵屠戮者的装备,0,0,0,23088,23082,23092,0,0,0,0,0,0,0,0,0,0,0,0,0,0
536,亡灵净化者,0,0,0,23091,23084,23085,0,0,0,0,0,0,0,0,0,0,0,0,0,0
537,勇士的战铠,0,0,0,22868,22858,22872,22873,23244,23243,0,0,0,0,0,0,0,0,0,0,0
538,勇士的风暴,0,0,0,22857,22867,22876,22887,23259,23260,0,0,0,0,0,0,0,0,0,0,0
539,勇士的庇护,0,0,0,22863,22852,22877,22878,23253,23254,0,0,0,0,0,0,0,0,0,0,0
540,勇士的授权,0,0,0,22869,22859,22882,22885,23261,23262,0,0,0,0,0,0,0,0,0,0,0
541,勇士的鬼纹,0,0,0,22865,22855,23255,23256,22881,22884,0,0,0,0,0,0,0,0,0,0,0
542,勇士的秘密,0,0,0,22870,22860,23263,23264,22883,22886,0,0,0,0,0,0,0,0,0,0,0
543,勇士的职责,0,0,0,22843,22862,23251,23252,22874,22875,0,0,0,0,0,0,0,0,0,0,0
544,少校的壁垒,0,0,0,23272,23273,23274,23275,23276,23277,0,0,0,0,0,0,0,0,0,0,0
545,少校的战铠,0,0,0,23300,23301,23286,23287,23314,23315,0,0,0,0,0,0,0,0,0,0,0
546,少校的秘密,0,0,0,23304,23305,23290,23291,23318,23319,0,0,0,0,0,0,0,0,0,0,0
547,少校的鬼纹,0,0,0,23296,23297,23282,23283,23310,23311,0,0,0,0,0,0,0,0,0,0,0
548,少校的护卫,0,0,0,23298,23299,23284,23285,23312,23313,0,0,0,0,0,0,0,0,0,0,0
549,少校的授权,0,0,0,23302,23303,23288,23289,23316,23317,0,0,0,0,0,0,0,0,0,0,0
550,少校的职责,0,0,0,23292,23293,23278,23279,23306,23307,0,0,0,0,0,0,0,0,0,0,0
551,少校的庇护,0,0,0,23294,23295,23280,23281,23308,23309,0,0,0,0,0,0,0,0,0,0,0
552,魔焰之怒,0,0,0,21848,21847,21846,0,0,0,0,0,0,0,0,0,0,0,0,0,0
553,暗影之拥,0,0,0,21871,21869,21870,0,0,0,0,0,0,0,0,0,0,0,0,0,0
554,原始月布,0,0,0,21875,21874,21873,0,0,0,0,0,0,0,0,0,0,0,0,0,0
555,灵纹套装,0,0,0,21855,21854,21852,21851,21849,21853,21850,0,0,0,0,0,0,0,0,0,0
556,魔化灵纹套装,0,0,0,21862,21861,21859,21860,0,0,0,0,0,0,0,0,0,0,0,0,0
557,灵魂布之拥,0,0,0,21865,21864,0,0,0,0,0,0,0,0,0,0,0,0,0,0,0
558,奥法交织套装,0,0,0,21868,21866,21867,0,0,0,0,0,0,0,0,0,0,0,0,0,0
559,法术打击,0,197,350,24266,24262,0,0,0,0,0,0,0,0,0,0,0,0,0,0,0
560,魔铁板甲,0,0,0,23489,23488,23487,23482,23484,0,0,0,0,0,0,0,0,0,0,0,0
561,魔铁链甲,0,0,0,23490,23491,23493,23494,0,0,0,0,0,0,0,0,0,0,0,0,0
562,精金战甲,0,0,0,23507,23508,23506,0,0,0,0,0,0,0,0,0,0,0,0,0,0
563,魔化精金套装,0,0,0,23509,23512,23511,23510,0,0,0,0,0,0,0,0,0,0,0,0,0
564,烈焰卫士,0,0,0,23513,23516,23514,23515,0,0,0,0,0,0,0,0,0,0,0,0,0
565,氪金套装,0,164,350,23523,23525,23524,0,0,0,0,0,0,0,0,0,0,0,0,0,0
566,钢铁之怒,0,164,350,23522,23521,23520,33173,0,0,0,0,0,0,0,0,0,0,0,0,0
567,角斗士的战甲,0,0,0,24544,24549,24545,24547,24546,0,0,0,0,0,0,0,0,0,0,0,0
568,角斗士的鬼纹,0,0,0,24556,24553,24555,24554,24552,0,0,0,0,0,0,0,0,0,0,0,0
569,魔钢的信仰,0,164,350,23519,23518,23517,0,0,0,0,0,0,0,0,0,0,0,0,0,0
570,不屈的力量,0,0,0,24255,24249,0,0,0,0,0,0,0,0,0,0,0,0,0,0,0
571,白色治愈,0,197,350,24264,24261,0,0,0,0,0,0,0,0,0,0,0,0,0,0,0
572,战斗施法套装,0,197,375,24267,24263,0,0,0,0,0,0,0,0,0,0,0,0,0,0,0
573,魔能之肤,0,165,350,25685,25686,25687,0,0,0,0,0,0,0,0,0,0,0,0,0,0
574,裂蹄之力,0,165,350,25691,25690,25689,0,0,0,0,0,0,0,0,0,0,0,0,0,0
575,魔能猎手,0,165,350,25695,25697,25696,0,0,0,0,0,0,0,0,0,0,0,0,0,0
576,虚空之怒,0,165,350,25694,25693,25692,0,0,0,0,0,0,0,0,0,0,0,0,0,0
577,角斗士的套装,0,0,0,25834,25833,25830,25832,25831,0,0,0,0,0,0,0,0,0,0,0,0
578,角斗士的震撼,0,0,0,25997,26000,25998,26001,25999,0,0,0,0,0,0,0,0,0,0,0,0
579,角斗士的法衣,0,0,0,25854,25855,25857,25856,25858,0,0,0,0,0,0,0,0,0,0,0,0
580,角斗士的雷霆之拳,0,0,0,27469,27470,27471,27472,27473,0,0,0,0,0,0,0,0,0,0,0,0
581,角斗士的神服,0,0,0,27707,27708,27709,27710,27711,0,0,0,0,0,0,0,0,0,0,0,0
582,角斗士的保护,0,0,0,27702,27703,27704,27705,27706,0,0,0,0,0,0,0,0,0,0,0,0
583,角斗士的辩护,0,0,0,27879,27880,27881,27882,27883,0,0,0,0,0,0,0,0,0,0,0,0
584,角斗士的圣装,0,0,0,28126,28127,28128,28129,28130,0,0,0,0,0,0,0,0,0,0,0,0
585,角斗士的野性之皮,0,0,0,28136,28137,28138,28139,28140,0,0,0,0,0,0,0,0,0,0,0,0
586,角斗士的猎装,0,0,0,28334,28335,28331,28332,28333,0,0,0,0,0,0,0,0,0,0,0,0
587,高阶督军的保护,0,0,0,28831,28832,28833,28834,28835,0,0,0,0,0,0,0,0,0,0,0,0
588,高阶督军的战甲,0,0,0,28851,28852,28853,28854,28855,0,0,0,0,0,0,0,0,0,0,0,0
589,大元帅的保护,0,0,0,28679,28680,28681,28724,28683,0,0,0,0,0,0,0,0,0,0,0,0
590,大元帅的战甲,0,0,0,28699,28700,28701,28702,28703,0,0,0,0,0,0,0,0,0,0,0,0
591,大元帅的鬼纹,0,0,0,28624,28625,28626,28627,28628,0,0,0,0,0,0,0,0,0,0,0,0
592,高阶督军的鬼纹,0,0,0,28817,28818,28819,28820,28821,0,0,0,0,0,0,0,0,0,0,0,0
593,大元帅的震撼,0,0,0,28689,28690,28691,28692,28693,0,0,0,0,0,0,0,0,0,0,0,0
594,高阶督军的震撼,0,0,0,28841,28842,28843,28844,28845,0,0,0,0,0,0,0,0,0,0,0,0
595,大元帅的猎装,0,0,0,28613,28614,28615,28616,28617,0,0,0,0,0,0,0,0,0,0,0,0
596,高阶督军的猎装,0,0,0,28805,28806,28807,28808,28809,0,0,0,0,0,0,0,0,0,0,0,0
597,大元帅的神服,0,0,0,28704,28705,28706,28707,28708,0,0,0,0,0,0,0,0,0,0,0,0
598,高阶督军的神服,0,0,0,28856,28857,28858,28859,28860,0,0,0,0,0,0,0,0,0,0,0,0
599,大元帅的法衣,0,0,0,28714,28715,28716,28717,28718,0,0,0,0,0,0,0,0,0,0,0,0
600,高阶督军的法衣,0,0,0,28866,28867,28868,28869,28870,0,0,0,0,0,0,0,0,0,0,0,0
601,大元帅的圣装,0,0,0,28618,28619,28620,28622,28623,0,0,0,0,0,0,0,0,0,0,0,0
602,高阶督军的圣装,0,0,0,28811,28812,28813,28814,28815,0,0,0,0,0,0,0,0,0,0,0,0
603,大元帅的雷霆之拳,0,0,0,28694,28695,28696,28697,28698,0,0,0,0,0,0,0,0,0,0,0,0
604,高阶督军的雷霆之拳,0,0,0,28846,28847,28848,28849,28850,0,0,0,0,0,0,0,0,0,0,0,0
605,大元帅的制服,0,0,0,28684,28685,28686,28687,28688,0,0,0,0,0,0,0,0,0,0,0,0
606,高阶督军的制服,0,0,0,28836,28837,28838,28839,28840,0,0,0,0,0,0,0,0,0,0,0,0
607,大元帅的辩护,0,0,0,28709,28710,28711,28712,28713,0,0,0,0,0,0,0,0,0,0,0,0
608,高阶督军的辩护,0,0,0,28861,28862,28863,28864,28865,0,0,0,0,0,0,0,0,0,0,0,0
609,大元帅的野性之皮,0,0,0,28719,28720,28721,28722,28723,0,0,0,0,0,0,0,0,0,0,0,0
610,高阶督军的野性之皮,0,0,0,28871,28872,28873,28874,28875,0,0,0,0,0,0,0,0,0,0,0,0
611,魔鳞套装,0,0,0,25657,25656,25655,25654,0,0,0,0,0,0,0,0,0,0,0,0,0
612,缀鳞德拉诺套装,0,0,0,25661,25659,25662,25660,0,0,0,0,0,0,0,0,0,0,0,0,0
613,厚重德莱尼套装,0,0,0,25668,25669,25670,25671,0,0,0,0,0,0,0,0,0,0,0,0,0
614,野性德莱尼套装,0,0,0,25673,25674,25675,25676,0,0,0,0,0,0,0,0,0,0,0,0,0
615,角斗士的魔能套装,0,0,0,30186,30187,30188,30200,30201,0,0,0,0,0,0,0,0,0,0,0,0
616,虚空之鳞,0,0,0,29516,29517,29515,0,0,0,0,0,0,0,0,0,0,0,0,0,0
617,虚空打击,0,0,0,29521,29520,29519,0,0,0,0,0,0,0,0,0,0,0,0,0,0
618,风鹰,0,0,0,29523,29524,29522,0,0,0,0,0,0,0,0,0,0,0,0,0,0
619,原始打击,0,0,0,29527,29526,29525,0,0,0,0,0,0,0,0,0,0,0,0,0,0
620,刺杀,0,0,0,27509,28414,27908,27776,28204,0,0,0,0,0,0,0,0,0,0,0,0
621,虚空刀锋,0,0,0,29046,29045,29044,29048,29047,0,0,0,0,0,0,0,0,0,0,0,0
622,死亡阴影,0,0,0,30144,30145,30146,30148,30149,0,0,0,0,0,0,0,0,0,0,0,0
623,正义,0,0,0,28203,27535,28285,27839,27739,0,0,0,0,0,0,0,0,0,0,0,0
624,公正圣装,0,0,0,29062,29061,29065,29063,29064,0,0,0,0,0,0,0,0,0,0,0,0
625,公正护甲,0,0,0,29066,29068,29067,29069,29070,0,0,0,0,0,0,0,0,0,0,0,0
626,公正战甲,0,0,0,29071,29073,29072,29074,29075,0,0,0,0,0,0,0,0,0,0,0,0
627,晶铸圣装,0,0,0,30134,30135,30136,30137,30138,0,0,0,0,0,0,0,0,0,0,0,0
628,晶铸护甲,0,0,0,30123,30125,30124,30126,30127,0,0,0,0,0,0,0,0,0,0,0,0
629,晶铸战甲,0,0,0,30129,30130,30132,30133,30131,0,0,0,0,0,0,0,0,0,0,0,0
630,潮汐之怒,0,0,0,28231,27510,28349,27909,27802,0,0,0,0,0,0,0,0,0,0,0,0
631,飓风圣装,0,0,0,29032,29029,29028,29030,29031,0,0,0,0,0,0,0,0,0,0,0,0
632,飓风法衣,0,0,0,29033,29035,29034,29036,29037,0,0,0,0,0,0,0,0,0,0,0,0
633,飓风甲胄,0,0,0,29038,29039,29040,29043,29042,0,0,0,0,0,0,0,0,0,0,0,0
634,灾难圣装,0,0,0,30164,30165,30166,30167,30168,0,0,0,0,0,0,0,0,0,0,0,0
635,灾难法衣,0,0,0,30169,30170,30171,30172,30173,0,0,0,0,0,0,0,0,0,0,0,0
636,灾难甲胄,0,0,0,30185,30189,30190,30192,30194,0,0,0,0,0,0,0,0,0,0,0,0
637,月光林地,0,0,0,28348,27468,27873,28202,27737,0,0,0,0,0,0,0,0,0,0,0,0
638,玛洛恩圣装,0,0,0,29087,29086,29090,29088,29089,0,0,0,0,0,0,0,0,0,0,0,0
639,玛洛恩法衣,0,0,0,29093,29094,29091,29092,29095,0,0,0,0,0,0,0,0,0,0,0,0
640,玛洛恩甲胄,0,0,0,29096,29097,29099,29100,29098,0,0,0,0,0,0,0,0,0,0,0,0
641,诺达希尔甲胄,0,0,0,30222,30223,30228,30229,30230,0,0,0,0,0,0,0,0,0,0,0,0
642,诺达希尔圣装,0,0,0,30216,30217,30219,30220,30221,0,0,0,0,0,0,0,0,0,0,0,0
643,诺达希尔法衣,0,0,0,30231,30232,30233,30234,30235,0,0,0,0,0,0,0,0,0,0,0,0
644,湮灭,0,0,0,27537,28415,28232,27778,27948,0,0,0,0,0,0,0,0,0,0,0,0
645,虚空之心,0,0,0,28963,28968,28966,28967,28964,0,0,0,0,0,0,0,0,0,0,0,0
646,腐蚀者,0,0,0,30211,30212,30213,30215,30214,0,0,0,0,0,0,0,0,0,0,0,0
647,魔咒师,0,0,0,28278,27508,27738,28229,27838,0,0,0,0,0,0,0,0,0,0,0,0
648,奥尔多魔装,0,0,0,29076,29080,29078,29079,29077,0,0,0,0,0,0,0,0,0,0,0,0
649,提瑞斯法,0,0,0,30206,30205,30207,30210,30196,0,0,0,0,0,0,0,0,0,0,0,0
650,巨兽之王,0,0,0,28228,27474,28275,27874,27801,0,0,0,0,0,0,0,0,0,0,0,0
651,恶魔追猎者,0,0,0,29085,29081,29083,29082,29084,0,0,0,0,0,0,0,0,0,0,0,0
652,裂隙追猎者,0,0,0,30139,30140,30141,30142,30143,0,0,0,0,0,0,0,0,0,0,0,0
653,鲁莽套装,0,0,0,28205,27475,27977,27803,28350,0,0,0,0,0,0,0,0,0,0,0,0
654,战神护甲,0,0,0,29012,29011,29017,29015,29016,0,0,0,0,0,0,0,0,0,0,0,0
655,战神战甲,0,0,0,29021,29019,29020,29022,29023,0,0,0,0,0,0,0,0,0,0,0,0
656,毁灭者护甲,0,0,0,30113,30115,30114,30116,30117,0,0,0,0,0,0,0,0,0,0,0,0
657,毁灭者战甲,0,0,0,30120,30118,30119,30121,30122,0,0,0,0,0,0,0,0,0,0,0,0
658,法力蚀刻魔装,0,0,0,28193,27465,27907,28191,27796,0,0,0,0,0,0,0,0,0,0,0,0
659,废土行者,0,0,0,28264,27531,28224,27837,27797,0,0,0,0,0,0,0,0,0,0,0,0
660,荒芜战甲,0,0,0,27936,28401,27528,28192,27713,0,0,0,0,0,0,0,0,0,0,0,0
661,末日板甲,0,0,0,28403,27497,28225,27870,27771,0,0,0,0,0,0,0,0,0,0,0,0
662,圣徒,0,0,0,28413,28230,27536,27775,27875,0,0,0,0,0,0,0,0,0,0,0,0
663,化身圣装,0,0,0,29055,29049,29054,29050,29053,0,0,0,0,0,0,0,0,0,0,0,0
664,化身法衣,0,0,0,29057,29059,29056,29058,29060,0,0,0,0,0,0,0,0,0,0,0,0
665,神使圣装,0,0,0,30153,30152,30151,30154,30150,0,0,0,0,0,0,0,0,0,0,0,0
666,神使法衣,0,0,0,30160,30161,30162,30159,30163,0,0,0,0,0,0,0,0,0,0,0,0
667,双子星,0,0,0,31339,31338,0,0,0,0,0,0,0,0,0,0,0,0,0,0,0
668,刺杀者,0,0,0,31028,31026,31027,31029,31030,0,0,0,0,0,0,0,0,0,0,0,0
669,戈隆追猎者,0,0,0,31004,31001,31003,31005,31006,0,0,0,0,0,0,0,0,0,0,0,0
670,凶星,0,0,0,31050,31051,31053,31054,31052,0,0,0,0,0,0,0,0,0,0,0,0
671,风暴,0,0,0,31056,31055,31058,31059,31057,0,0,0,0,0,0,0,0,0,0,0,0
672,冲锋战甲,0,0,0,30972,30975,30969,30977,30979,0,0,0,0,0,0,0,0,0,0,0,0
673,冲锋护甲,0,0,0,30976,30974,30970,30978,30980,0,0,0,0,0,0,0,0,0,0,0,0
674,赦免法衣,0,0,0,31061,31064,31067,31070,31065,0,0,0,0,0,0,0,0,0,0,0,0
675,赦免圣装,0,0,0,31068,31063,31060,31069,31066,0,0,0,0,0,0,0,0,0,0,0,0
676,雷霆之心甲胄,0,0,0,31042,31034,31039,31044,31048,0,0,0,0,0,0,0,0,0,0,0,0
677,雷霆之心法衣,0,0,0,31043,31035,31040,31046,31049,0,0,0,0,0,0,0,0,0,0,0,0
678,雷霆之心圣服,0,0,0,31041,31032,31037,31045,31047,0,0,0,0,0,0,0,0,0,0,0,0
679,光明使者护甲,0,0,0,30991,30987,30985,30995,30998,0,0,0,0,0,0,0,0,0,0,0,0
680,光明使者战甲,0,0,0,30990,30982,30993,30997,30989,0,0,0,0,0,0,0,0,0,0,0,0
681,光明使者圣服,0,0,0,30992,30983,30988,30994,30996,0,0,0,0,0,0,0,0,0,0,0,0
682,破天甲胄,0,0,0,31018,31011,31015,31021,31024,0,0,0,0,0,0,0,0,0,0,0,0
683,破天圣服,0,0,0,31016,31007,31012,31019,31022,0,0,0,0,0,0,0,0,0,0,0,0
684,破天法衣,0,0,0,31017,31008,31014,31020,31023,0,0,0,0,0,0,0,0,0,0,0,0
685,角斗士的庇护,0,0,0,31375,31376,31377,31378,31379,0,0,0,0,0,0,0,0,0,0,0,0
686,角斗士的战争之潮,0,0,0,31396,31397,31400,31406,31407,0,0,0,0,0,0,0,0,0,0,0,0
687,角斗士的天职,0,0,0,31409,31410,31411,31412,31413,0,0,0,0,0,0,0,0,0,0,0,0
688,大元帅的庇护,0,0,0,31589,31590,31591,31592,31593,0,0,0,0,0,0,0,0,0,0,0,0
689,高阶督军的庇护,0,0,0,31584,31585,31586,31587,31588,0,0,0,0,0,0,0,0,0,0,0,0
690,角斗士的救赎,0,0,0,31613,31614,31616,31618,31619,0,0,0,0,0,0,0,0,0,0,0,0
691,大元帅的天职,0,0,0,31622,31623,31620,31624,31625,0,0,0,0,0,0,0,0,0,0,0,0
692,高阶督军的天职,0,0,0,31626,31627,31621,31628,31629,0,0,0,0,0,0,0,0,0,0,0,0
693,大元帅的救赎,0,0,0,31630,31631,31632,31633,31634,0,0,0,0,0,0,0,0,0,0,0,0
694,高阶督军的救赎,0,0,0,31635,31636,31637,31638,31639,0,0,0,0,0,0,0,0,0,0,0,0
695,大元帅的战争之潮,0,0,0,31640,31641,31642,31643,31644,0,0,0,0,0,0,0,0,0,0,0,0
696,高阶督军的战争之潮,0,0,0,31646,31647,31648,31649,31650,0,0,0,0,0,0,0,0,0,0,0,0
697,勇士的壁垒,0,0,0,29600,29601,29602,29603,29604,29605,0,0,0,0,0,0,0,0,0,0,0
698,督军的保护,0,0,0,29612,29613,29614,29615,29616,29617,0,0,0,0,0,0,0,0,0,0,0
699,埃辛诺斯双刃,0,0,0,32838,32837,0,0,0,0,0,0,0,0,0,0,0,0,0,0,0
700,残酷角斗士的保护,0,0,0,0,0,0,0,0,0,0,0,0,0,0,0,0,0,0,0,0
701,残酷角斗士的战甲,0,0,0,0,0,0,0,0,0,0,0,0,0,0,0,0,0,0,0,0
702,残酷角斗士的鬼纹,0,0,0,0,0,0,0,0,0,0,0,0,0,0,0,0,0,0,0,0
703,残酷角斗士的震撼,0,0,0,0,0,0,0,0,0,0,0,0,0,0,0,0,0,0,0,0
704,残酷角斗士的魔能套装,0,0,0,0,0,0,0,0,0,0,0,0,0,0,0,0,0,0,0,0
705,残酷角斗士的天职,0,0,0,0,0,0,0,0,0,0,0,0,0,0,0,0,0,0,0,0
706,残酷角斗士的猎装,0,0,0,0,0,0,0,0,0,0,0,0,0,0,0,0,0,0,0,0
707,残酷角斗士的神服,0,0,0,0,0,0,0,0,0,0,0,0,0,0,0,0,0,0,0,0
708,残酷角斗士的救赎,0,0,0,0,0,0,0,0,0,0,0,0,0,0,0,0,0,0,0,0
709,残酷角斗士的庇护,0,0,0,0,0,0,0,0,0,0,0,0,0,0,0,0,0,0,0,0
710,残酷角斗士的法衣,0,0,0,0,0,0,0,0,0,0,0,0,0,0,0,0,0,0,0,0
711,残酷角斗士的圣装,0,0,0,0,0,0,0,0,0,0,0,0,0,0,0,0,0,0,0,0
712,残酷角斗士的雷霆之拳,0,0,0,0,0,0,0,0,0,0,0,0,0,0,0,0,0,0,0,0
713,残酷角斗士的套装,0,0,0,0,0,0,0,0,0,0,0,0,0,0,0,0,0,0,0,0
714,残酷角斗士的辩护,0,0,0,0,0,0,0,0,0,0,0,0,0,0,0,0,0,0,0,0
715,残酷角斗士的战争之潮,0,0,0,0,0,0,0,0,0,0,0,0,0,0,0,0,0,0,0,0
716,残酷角斗士的野性之皮,0,0,0,0,0,0,0,0,0,0,0,0,0,0,0,0,0,0,0,0
717,元帅的震撼,0,0,0,29608,29606,29611,29609,29607,29610,0,0,0,0,0,0,0,0,0,0,0
718,少校的震撼,0,0,0,29599,29595,29597,29596,29598,29594,0,0,0,0,0,0,0,0,0,0,0
719,愤怒之拳,0,0,0,32946,32945,0,0,0,0,0,0,0,0,0,0,0,0,0,0,0
720,复仇角斗士的庇护,0,0,0,0,0,0,0,0,0,0,0,0,0,0,0,0,0,0,0,0
721,复仇角斗士的圣装,0,0,0,0,0,0,0,0,0,0,0,0,0,0,0,0,0,0,0,0
722,复仇角斗士的野性之皮,0,0,0,0,0,0,0,0,0,0,0,0,0,0,0,0,0,0,0,0
723,复仇角斗士的猎装,0,0,0,0,0,0,0,0,0,0,0,0,0,0,0,0,0,0,0,0
724,复仇角斗士的法衣,0,0,0,0,0,0,0,0,0,0,0,0,0,0,0,0,0,0,0,0
725,复仇角斗士的救赎,0,0,0,0,0,0,0,0,0,0,0,0,0,0,0,0,0,0,0,0
726,复仇角斗士的辩护,0,0,0,0,0,0,0,0,0,0,0,0,0,0,0,0,0,0,0,0
727,复仇角斗士的保护,0,0,0,0,0,0,0,0,0,0,0,0,0,0,0,0,0,0,0,0
728,复仇角斗士的天职,0,0,0,0,0,0,0,0,0,0,0,0,0,0,0,0,0,0,0,0
729,复仇角斗士的神服,0,0,0,0,0,0,0,0,0,0,0,0,0,0,0,0,0,0,0,0
730,复仇角斗士的套装,0,0,0,0,0,0,0,0,0,0,0,0,0,0,0,0,0,0,0,0
731,复仇角斗士的战争之潮,0,0,0,0,0,0,0,0,0,0,0,0,0,0,0,0,0,0,0,0
732,复仇角斗士的震撼,0,0,0,0,0,0,0,0,0,0,0,0,0,0,0,0,0,0,0,0
733,复仇角斗士的雷霆之拳,0,0,0,0,0,0,0,0,0,0,0,0,0,0,0,0,0,0,0,0
734,复仇角斗士的鬼纹,0,0,0,0,0,0,0,0,0,0,0,0,0,0,0,0,0,0,0,0
735,复仇角斗士的魔能套装,0,0,0,0,0,0,0,0,0,0,0,0,0,0,0,0,0,0,0,0
736,复仇角斗士的战甲,0,0,0,0,0,0,0,0,0,0,0,0,0,0,0,0,0,0,0,0
737,拉托恩的疾风,0,0,0,34703,28189,0,0,0,0,0,0,0,0,0,0,0,0,0,0,0
738,鬼纹战衣,0,0,0,35328,35329,35330,35331,35332,0,0,0,0,0,0,0,0,0,0,0,0
739,月布战衣,0,0,0,35333,35334,35335,35336,35337,0,0,0,0,0,0,0,0,0,0,0,0
740,绸缎战衣,0,0,0,35338,35339,35340,35341,35342,0,0,0,0,0,0,0,0,0,0,0,0
741,唤魔者的丝质战衣,0,0,0,35343,35344,35345,35346,35347,0,0,0,0,0,0,0,0,0,0,0,0
742,龙皮战甲,0,0,0,35356,35357,35358,35360,35359,0,0,0,0,0,0,0,0,0,0,0,0
743,蟒皮战甲,0,0,0,35371,35372,35373,35375,35374,0,0,0,0,0,0,0,0,0,0,0,0
744,科多皮战甲,0,0,0,35361,35362,35363,35365,35364,0,0,0,0,0,0,0,0,0,0,0,0
745,投机者的战甲,0,0,0,35366,35367,35368,35369,35370,0,0,0,0,0,0,0,0,0,0,0,0
746,先知的锁甲,0,0,0,35386,35387,35388,35389,35390,0,0,0,0,0,0,0,0,0,0,0,0
747,先知的环甲,0,0,0,35391,35392,35393,35394,35395,0,0,0,0,0,0,0,0,0,0,0,0
748,先知的鳞甲,0,0,0,35381,35382,35383,35384,35385,0,0,0,0,0,0,0,0,0,0,0,0
749,追猎者的锁甲,0,0,0,35376,35377,35378,35379,35380,0,0,0,0,0,0,0,0,0,0,0,0
750,野蛮板甲,0,0,0,35407,35408,35409,35410,35411,0,0,0,0,0,0,0,0,0,0,0,0
751,十字军的雕饰板甲,0,0,0,35402,35403,35404,35405,35406,0,0,0,0,0,0,0,0,0,0,0,0
752,十字军的板鳞甲,0,0,0,35412,35413,35414,35415,35416,0,0,0,0,0,0,0,0,0,0,0,0
754,北风的拥抱,0,0,0,38405,38404,38400,38403,38401,38402,38437,38433,0,0,0,0,0,0,0,0,0
755,蛛魔之巢,0,0,0,38418,38419,38420,38421,38422,38417,38439,38435,0,0,0,0,0,0,0,0,0
756,霜鳞套装,0,0,0,38412,38413,38414,38415,38416,38424,38436,38440,0,0,0,0,0,0,0,0,0
757,凝冰的拥抱,0,0,0,38406,38407,38408,38409,38410,38411,38434,38438,0,0,0,0,0,0,0,0,0
759,蕾妮的复仇,0,0,0,37758,37821,0,0,0,0,0,0,0,0,0,0,0,0,0,0,0
760,角斗士的恐怖板甲,0,0,0,40440,40441,40442,40443,40444,0,0,0,0,0,0,0,0,0,0,0,0
761,冬季套装,0,0,0,34087,21525,34085,21524,34086,0,0,0,0,0,0,0,0,0,0,0,0
762,美酒节套装,0,0,0,33862,33863,33868,33966,33969,33967,33864,33968,0,0,0,0,0,0,0,0,0
763,霜纹套装,0,0,0,41522,41520,44211,41521,41519,41515,41513,41512,0,0,0,0,0,0,0,0,0
764,暮纹套装,0,0,0,41543,41544,41545,41546,41548,41549,41550,41551,0,0,0,0,0,0,0,0,0
765,角斗士的战甲,0,0,0,42625,42626,42627,42628,42629,0,0,0,0,0,0,0,0,0,0,0,0
766,角斗士的辩护,0,0,0,42630,42631,42632,42633,42634,0,0,0,0,0,0,0,0,0,0,0,0
767,角斗士的救赎,0,0,0,42635,42636,42637,42638,42639,0,0,0,0,0,0,0,0,0,0,0,0
768,角斗士的亵渎,0,0,0,42654,42655,42656,42657,42658,0,0,0,0,0,0,0,0,0,0,0,0
769,角斗士的雷霆之拳,0,0,0,42659,42660,42661,42662,42663,0,0,0,0,0,0,0,0,0,0,0,0
770,角斗士的震撼,0,0,0,42669,42670,42671,42672,42673,0,0,0,0,0,0,0,0,0,0,0,0
771,角斗士的战争之潮,0,0,0,42664,42665,42666,42667,42668,0,0,0,0,0,0,0,0,0,0,0,0
772,角斗士的猎装,0,0,0,42674,42675,42676,42677,42678,0,0,0,0,0,0,0,0,0,0,0,0
773,角斗士的庇护,0,0,0,42680,42681,42682,42683,42684,0,0,0,0,0,0,0,0,0,0,0,0
774,角斗士的野性之皮,0,0,0,42685,42686,42687,42688,42689,0,0,0,0,0,0,0,0,0,0,0,0
775,角斗士的圣装,0,0,0,42690,42691,42692,42693,42694,0,0,0,0,0,0,0,0,0,0,0,0
776,角斗士的套装,0,0,0,42695,42696,42697,42698,42699,0,0,0,0,0,0,0,0,0,0,0,0
777,角斗士的天职,0,0,0,42703,42704,42705,42706,42707,0,0,0,0,0,0,0,0,0,0,0,0
778,角斗士的神服,0,0,0,42708,42709,42710,42711,42712,0,0,0,0,0,0,0,0,0,0,0,0
779,角斗士的法衣,0,0,0,42713,42714,42715,42716,42717,0,0,0,0,0,0,0,0,0,0,0,0
780,角斗士的魔能套装,0,0,0,42718,42719,42720,42721,42722,0,0,0,0,0,0,0,0,0,0,0,0
781,神圣的亡灵净化法衣,0,0,0,43073,43074,43075,43072,0,0,0,0,0,0,0,0,0,0,0,0,0
782,神圣的亡灵毁灭护甲,0,0,0,43078,43077,43079,43076,0,0,0,0,0,0,0,0,0,0,0,0,0
783,神圣的亡灵毁灭套装,0,0,0,43082,43081,43083,43080,0,0,0,0,0,0,0,0,0,0,0,0,0
784,神圣的亡灵毁灭战甲,0,0,0,43070,43068,43071,43069,0,0,0,0,0,0,0,0,0,0,0,0,0
785,仲夏节套装,0,0,0,23324,34685,34683,0,0,0,0,0,0,0,0,0,0,0,0,0,0
787,无畏铠甲,0,0,0,43740,43742,43743,43745,43747,0,0,0,0,0,0,0,0,0,0,0,0
788,无畏战甲,0,0,0,43739,43744,43746,43741,43748,0,0,0,0,0,0,0,0,0,0,0,0
789,救赎战甲,0,0,0,43794,43796,43801,43803,43805,0,0,0,0,0,0,0,0,0,0,0,0
790,救赎圣甲,0,0,0,43797,43798,43800,43806,43807,0,0,0,0,0,0,0,0,0,0,0,0
791,救赎铠甲,0,0,0,43793,43795,43799,43802,43804,0,0,0,0,0,0,0,0,0,0,0,0
792,天灾苦痛战甲,0,0,0,43809,43813,43815,43817,43819,0,0,0,0,0,0,0,0,0,0,0,0
793,天灾苦痛铠甲,0,0,0,43811,43812,43814,43816,43818,0,0,0,0,0,0,0,0,0,0,0,0
794,地穴追猎者战甲,0,0,0,43734,43735,43736,43737,43738,0,0,0,0,0,0,0,0,0,0,0,0
795,碎地者战甲,0,0,0,43762,43763,43765,43772,43776,0,0,0,0,0,0,0,0,0,0,0,0
796,碎地者套装,0,0,0,43764,43767,43769,43770,43773,0,0,0,0,0,0,0,0,0,0,0,0
797,碎地者法衣,0,0,0,43766,43768,43771,43774,43775,0,0,0,0,0,0,0,0,0,0,0,0
798,梦游者战甲,0,0,0,43751,43753,43756,43822,43758,0,0,0,0,0,0,0,0,0,0,0,0
799,梦游者法衣,0,0,0,43752,43754,43755,43759,43820,0,0,0,0,0,0,0,0,0,0,0,0
800,梦游者套装,0,0,0,43749,43750,43757,43760,43761,0,0,0,0,0,0,0,0,0,0,0,0
801,骨镰战甲,0,0,0,43727,43728,43729,43730,43731,0,0,0,0,0,0,0,0,0,0,0,0
802,瘟疫之心套装,0,0,0,43787,43788,43789,43790,43791,0,0,0,0,0,0,0,0,0,0,0,0
803,霜火套装,0,0,0,43777,43778,43779,43780,43781,0,0,0,0,0,0,0,0,0,0,0,0
804,信仰法衣,0,0,0,43733,43782,43784,43808,43810,0,0,0,0,0,0,0,0,0,0,0,0
805,信仰套装,0,0,0,43732,43783,43785,43786,43792,0,0,0,0,0,0,0,0,0,0,0,0
812,春季礼服,0,0,0,6835,6833,0,0,0,0,0,0,0,0,0,0,0,0,0,0,0
813,剔骨者战甲,0,0,0,43435,43434,43260,43436,43438,43433,43439,43437,0,0,0,0,0,0,0,0,0
814,精饰萨隆邪铁战甲,0,0,0,42723,42724,42725,42726,42727,42728,42730,42729,0,0,0,0,0,0,0,0,0
815,阴云战甲,0,0,0,43266,43273,43264,43263,43265,43261,43271,43262,0,0,0,0,0,0,0,0,0
816,野蛮萨隆邪铁战甲,0,0,0,41354,41349,41353,41347,41351,41350,41352,41348,0,0,0,0,0,0,0,0,0
817,雷革战甲,0,0,0,43450,43455,43454,43453,43456,43457,43451,43452,0,0,0,0,0,0,0,0,0
818,迅箭战甲,0,0,0,43442,43443,43444,43446,43445,43447,43448,43449,0,0,0,0,0,0,0,0,0
819,冰霜原始战甲,0,0,0,43969,43970,43974,43971,41516,43975,43972,43973,0,0,0,0,0,0,0,0,0
820,庇护战甲,0,0,0,46213,46216,46221,46224,46226,0,0,0,0,0,0,0,0,0,0,0,0
821,庇护板甲,0,0,0,46214,46215,46219,46222,46225,0,0,0,0,0,0,0,0,0,0,0,0
822,庇护魔装,0,0,0,46217,46218,46220,46227,46228,0,0,0,0,0,0,0,0,0,0,0,0
823,世界击碎者战甲,0,0,0,46293,46294,46296,46303,46307,0,0,0,0,0,0,0,0,0,0,0,0
824,世界击碎者魔装,0,0,0,46295,46298,46300,46301,46304,0,0,0,0,0,0,0,0,0,0,0,0
825,世界击碎者法衣,0,0,0,46297,46299,46302,46305,46306,0,0,0,0,0,0,0,0,0,0,0,0
826,恐怖利刃战甲,0,0,0,46288,46289,46290,46291,46292,0,0,0,0,0,0,0,0,0,0,0,0
827,夜歌战甲,0,0,0,46260,46262,46265,46267,46269,0,0,0,0,0,0,0,0,0,0,0,0
828,夜歌魔装,0,0,0,45350,46309,46266,46271,46272,0,0,0,0,0,0,0,0,0,0,0,0
829,夜歌法衣,0,0,0,46261,46263,46264,46268,46270,0,0,0,0,0,0,0,0,0,0,0,0
830,突围战甲,0,0,0,46278,46280,46282,46285,46287,0,0,0,0,0,0,0,0,0,0,0,0
831,突围板甲,0,0,0,46279,46281,46283,46284,46286,0,0,0,0,0,0,0,0,0,0,0,0
832,圣灵魔装,0,0,0,46230,46248,46255,46256,46257,0,0,0,0,0,0,0,0,0,0,0,0
833,圣灵法衣,0,0,0,46231,46247,46254,46258,46259,0,0,0,0,0,0,0,0,0,0,0,0
834,黑暗符印战甲,0,0,0,46232,46235,46237,46239,46241,0,0,0,0,0,0,0,0,0,0,0,0
835,黑暗符印板甲,0,0,0,46233,46234,46236,46238,46240,0,0,0,0,0,0,0,0,0,0,0,0
836,肯瑞托,0,0,0,46249,46250,46251,46252,46253,0,0,0,0,0,0,0,0,0,0,0,0
837,死亡信使,0,0,0,46242,46243,46244,46245,46246,0,0,0,0,0,0,0,0,0,0,0,0
838,天灾追猎者,0,0,0,46273,46274,46275,46276,46277,0,0,0,0,0,0,0,0,0,0,0,0
843,卡德加的法衣,0,0,0,48725,48726,48727,48728,48729,0,0,0,0,0,0,0,0,0,0,0,0
844,逐日者的法衣,0,0,0,48730,48731,48732,48733,48734,0,0,0,0,0,0,0,0,0,0,0,0
845,古尔丹的法衣,0,0,0,48735,48736,48737,48738,48739,0,0,0,0,0,0,0,0,0,0,0,0
846,克尔苏加德的法衣,0,0,0,48740,48741,48742,48743,48744,0,0,0,0,0,0,0,0,0,0,0,0
847,维伦的圣装,0,0,0,48745,48746,48747,48748,48749,0,0,0,0,0,0,0,0,0,0,0,0
848,萨布拉的圣装,0,0,0,48750,48751,48752,48753,48754,0,0,0,0,0,0,0,0,0,0,0,0
849,维伦的法衣,0,0,0,48755,48756,48757,48758,48759,0,0,0,0,0,0,0,0,0,0,0,0
850,萨布拉的法衣,0,0,0,48760,48761,48762,48763,48764,0,0,0,0,0,0,0,0,0,0,0,0
851,玛法里奥的圣装,0,0,0,48774,48775,48776,48777,48778,0,0,0,0,0,0,0,0,0,0,0,0
852,伊哈缪尔的圣装,0,0,0,48769,48770,48771,48772,48773,0,0,0,0,0,0,0,0,0,0,0,0
853,玛法里奥的法衣,0,0,0,48786,48787,48788,48789,48790,0,0,0,0,0,0,0,0,0,0,0,0
854,伊哈缪尔的法衣,0,0,0,48781,48782,48783,48784,48785,0,0,0,0,0,0,0,0,0,0,0,0
855,玛法里奥的战甲,0,0,0,48799,48800,48801,48802,48803,0,0,0,0,0,0,0,0,0,0,0,0
856,伊哈缪尔的战甲,0,0,0,48794,48795,48796,48797,48798,0,0,0,0,0,0,0,0,0,0,0,0
857,范克里夫的战甲,0,0,0,48809,48810,48811,48812,48813,0,0,0,0,0,0,0,0,0,0,0,0
858,迦罗娜的战甲,0,0,0,48804,48805,48806,48807,48808,0,0,0,0,0,0,0,0,0,0,0,0
859,风行者的战甲,0,0,0,48819,48820,48821,48822,48823,0,0,0,0,0,0,0,0,0,0,0,0
860,风行者的猎装,0,0,0,48814,48815,48816,48817,48818,0,0,0,0,0,0,0,0,0,0,0,0
861,努波顿的圣装,0,0,0,48824,48825,48826,48827,48828,0,0,0,0,0,0,0,0,0,0,0,0
862,萨尔的圣装,0,0,0,48829,48830,48831,48832,48833,0,0,0,0,0,0,0,0,0,0,0,0
863,萨尔的法衣,0,0,0,48841,48842,48843,48844,48845,0,0,0,0,0,0,0,0,0,0,0,0
864,努波顿的法衣,0,0,0,48836,48837,48838,48839,48840,0,0,0,0,0,0,0,0,0,0,0,0
865,努波顿的战甲,0,0,0,48846,48847,48848,48849,48850,0,0,0,0,0,0,0,0,0,0,0,0
866,萨尔的战甲,0,0,0,48854,48855,48852,48853,48851,0,0,0,0,0,0,0,0,0,0,0,0
867,乌瑞恩的战甲,0,0,0,48865,48866,48867,48868,48869,0,0,0,0,0,0,0,0,0,0,0,0
868,地狱咆哮的战甲,0,0,0,48860,48861,48862,48863,48864,0,0,0,0,0,0,0,0,0,0,0,0
869,乌瑞恩的铠甲,0,0,0,48875,48876,48877,48878,48879,0,0,0,0,0,0,0,0,0,0,0,0
870,地狱咆哮的铠甲,0,0,0,48870,48871,48872,48873,48874,0,0,0,0,0,0,0,0,0,0,0,0
871,萨萨里安的战甲,0,0,0,48885,48886,48887,48888,48889,0,0,0,0,0,0,0,0,0,0,0,0
872,库尔迪拉的战甲,0,0,0,48880,48881,48882,48883,48884,0,0,0,0,0,0,0,0,0,0,0,0
873,萨萨里安的铠甲,0,0,0,48895,48896,48897,48898,48899,0,0,0,0,0,0,0,0,0,0,0,0
874,库尔迪拉的铠甲,0,0,0,48890,48891,48892,48893,48894,0,0,0,0,0,0,0,0,0,0,0,0
875,图拉扬的圣装,0,0,0,48904,48903,48902,48901,48900,0,0,0,0,0,0,0,0,0,0,0,0
876,莉亚德琳的圣装,0,0,0,48909,48908,48907,48906,48905,0,0,0,0,0,0,0,0,0,0,0,0
877,图拉扬的战甲,0,0,0,48915,48916,48917,48918,48919,0,0,0,0,0,0,0,0,0,0,0,0
878,莉亚德琳的战甲,0,0,0,48910,48911,48912,48913,48914,0,0,0,0,0,0,0,0,0,0,0,0
879,图拉扬的铠甲,0,0,0,48927,48928,48929,48930,48931,0,0,0,0,0,0,0,0,0,0,0,0
880,莉亚德琳的铠甲,0,0,0,48922,48923,48924,48925,48926,0,0,0,0,0,0,0,0,0,0,0,0
881,纯净的天神碎片,0,0,0,49310,49463,0,0,0,0,0,0,0,0,0,0,0,0,0,0,0
882,闪亮的天神碎片,0,0,0,49488,49464,0,0,0,0,0,0,0,0,0,0,0,0,0,0,0
883,血法战衣,0,0,0,51716,51715,51714,51713,51712,0,0,0,0,0,0,0,0,0,0,0,0
884,黑巫法衣,0,0,0,51766,51765,51764,51763,51762,0,0,0,0,0,0,0,0,0,0,0,0
885,血色侍僧战衣,0,0,0,51732,51733,51734,51735,51736,0,0,0,0,0,0,0,0,0,0,0,0
886,血色侍僧法衣,0,0,0,51741,51740,51739,51738,51737,0,0,0,0,0,0,0,0,0,0,0,0
887,树纹套装,0,0,0,51696,51695,51694,51693,51692,0,0,0,0,0,0,0,0,0,0,0,0
888,树纹法衣,0,0,0,51706,51705,51704,51703,51702,0,0,0,0,0,0,0,0,0,0,0,0
889,树纹战甲,0,0,0,51701,51700,51699,51698,51697,0,0,0,0,0,0,0,0,0,0,0,0
890,影刃战甲,0,0,0,51746,51745,51744,51743,51742,0,0,0,0,0,0,0,0,0,0,0,0
891,安卡哈猎血战甲,0,0,0,51711,51710,51709,51708,51707,0,0,0,0,0,0,0,0,0,0,0,0
892,霜巫套装,0,0,0,51747,51748,51749,51750,51751,0,0,0,0,0,0,0,0,0,0,0,0
893,霜巫战衣,0,0,0,51757,51758,51759,51760,51761,0,0,0,0,0,0,0,0,0,0,0,0
894,霜巫战甲,0,0,0,51752,51753,51754,51755,51756,0,0,0,0,0,0,0,0,0,0,0,0
895,伊米亚之王战甲,0,0,0,51771,51770,51769,51768,51767,0,0,0,0,0,0,0,0,0,0,0,0
896,伊米亚之王战铠,0,0,0,51776,51775,51774,51773,51772,0,0,0,0,0,0,0,0,0,0,0,0
897,天灾领主战甲,0,0,0,51686,51685,51684,51683,51682,0,0,0,0,0,0,0,0,0,0,0,0
898,天灾领主战铠,0,0,0,51691,51690,51689,51688,51687,0,0,0,0,0,0,0,0,0,0,0,0
899,光誓套装,0,0,0,51726,51725,51724,51723,51722,0,0,0,0,0,0,0,0,0,0,0,0
900,光誓战甲,0,0,0,51721,51720,51719,51718,51717,0,0,0,0,0,0,0,0,0,0,0,0
901,光誓战铠,0,0,0,51731,51730,51729,51728,51727,0,0,0,0,0,0,0,0,0,0,0,0
1991,夜幕杀手,0,0,0,255036,255038,255035,257609,257610,255042,255037,257684,0,0,0,0,0,0,0,0,0
1992,奥术师,0,0,0,255011,255013,255014,255015,255017,255018,255012,255016,0,0,0,0,0,0,0,0,0
1993,巨人追猎者,0,0,0,255060,255062,255059,255064,255066,255065,255061,255063,0,0,0,0,0,0,0,0,0
1994,恶魔之心,0,0,0,255024,255023,255025,255020,255021,255022,255026,255019,0,0,0,0,0,0,0,0,0
1995,预言,0,0,0,255029,255032,255031,255034,255028,255033,255030,255027,0,0,0,0,0,0,0,0,0
1996,预言之影,0,0,0,257621,257624,257623,257626,257620,257625,257622,257619,0,0,0,0,0,0,0,0,0
1997,北境,0,0,0,257631,257629,257634,257627,257632,257628,257630,257633,0,0,0,0,0,0,0,0,0
1998,北境之惧,0,0,0,256079,256072,256077,256076,256073,256078,256074,256075,0,0,0,0,0,0,0,0,0
1999,力量板甲,0,0,0,255080,255082,255079,257602,255077,255078,255081,255076,0,0,0,0,0,0,0,0,0
2000,力量,0,0,0,257615,257613,257618,257611,257616,257612,257614,257617,0,0,0,0,0,0,0,0,0
2001,秩序之源,0,0,0,255068,255070,255067,255071,255074,255072,255069,255073,0,0,0,0,0,0,0,0,0
2002,秩序之源板甲,0,0,0,257647,257645,257650,257643,257648,257644,257646,257649,0,0,0,0,0,0,0,0,0
2003,秩序之源战装,0,0,0,257637,257635,257639,257640,257638,257642,257636,257641,0,0,0,0,0,0,0,0,0
2004,塞纳里奥,0,0,0,255048,255050,255047,255045,255046,255043,255049,255044,0,0,0,0,0,0,0,0,0
2005,塞纳里奥皮衣,0,0,0,257655,257653,257658,257651,257656,257652,257654,257657,0,0,0,0,0,0,0,0,0
2006,塞纳里奥法衣,0,0,0,257664,257662,257659,257660,257665,257661,257663,257666,0,0,0,0,0,0,0,0,0
2007,大地之怒,0,0,0,255056,255058,255055,255054,255053,255052,255057,255051,0,0,0,0,0,0,0,0,0
2008,大地之怒的回响,0,0,0,257671,257669,257674,257667,257672,257668,257670,257673,0,0,0,0,0,0,0,0,0
2009,大地之怒的力量,0,0,0,257679,257677,257682,257675,257680,257676,257678,257681,0,0,0,0,0,0,0,0,0
2010,艾斯卡达尔之魂,0,0,0,255104,18202,18204,0,0,0,0,0,0,0,0,0,0,0,0,0,0
2011,亵渎者恐惧板甲,0,0,0,264444,264442,264446,264445,264443,0,0,0,0,0,0,0,0,0,0,0,0
2012,亵渎者战甲,0,0,0,264439,264441,264437,264438,264440,0,0,0,0,0,0,0,0,0,0,0,0
2029,哈卡之怒,0,0,0,268050,268051,0,0,0,0,0,0,0,0,0,0,0,0,0,0,0
2030,腐蚀者的恐怖板甲,0,0,0,268778,268779,268780,268777,0,0,0,0,0,0,0,0,0,0,0,0,0
2031,光牙护甲,0,0,0,34575,34558,34448,0,0,0,0,0,0,0,0,0,0,0,0,0,0
2032,日怒盛装,0,0,0,34574,34557,34447,0,0,0,0,0,0,0,0,0,0,0,0,0,0
2033,晨灾圣装,0,0,0,34564,34541,34436,0,0,0,0,0,0,0,0,0,0,0,0,0,0
2034,地狱捕猎者护甲,0,0,0,34570,34549,34443,0,0,0,0,0,0,0,0,0,0,0,0,0,0
2035,启示盛装,0,0,0,34563,34528,34434,0,0,0,0,0,0,0,0,0,0,0,0,0,0
2036,启示法衣,0,0,0,34562,34527,34435,0,0,0,0,0,0,0,0,0,0,0,0,0,0
2037,碎日战甲,0,0,0,34569,34546,34441,0,0,0,0,0,0,0,0,0,0,0,0,0,0
2038,碎日护甲,0,0,0,34568,34547,34442,0,0,0,0,0,0,0,0,0,0,0,0,0,0
2039,毁灭恐怖板甲,0,0,0,269872,269873,269874,0,0,0,0,0,0,0,0,0,0,0,0,0,0
2040,毁灭战铠,0,0,0,269869,269870,269871,0,0,0,0,0,0,0,0,0,0,0,0,0,0
2041,裁决护甲,0,0,0,34560,34488,34433,0,0,0,0,0,0,0,0,0,0,0,0,0,0
2042,裁决圣装,0,0,0,34559,34487,34432,0,0,0,0,0,0,0,0,0,0,0,0,0,0
2043,裁决战甲,0,0,0,34561,34485,34431,0,0,0,0,0,0,0,0,0,0,0,0,0,0
2044,碎阳盛装,0,0,0,34566,34542,34437,0,0,0,0,0,0,0,0,0,0,0,0,0,0
2045,碎阳甲胄,0,0,0,34567,34545,34439,0,0,0,0,0,0,0,0,0,0,0,0,0,0
2046,碎阳圣装,0,0,0,34565,34543,34438,0,0,0,0,0,0,0,0,0,0,0,0,0,0
2047,烈阳之心盛装,0,0,0,34572,34555,34446,0,0,0,0,0,0,0,0,0,0,0,0,0,0
2048,烈阳之心甲胄,0,0,0,34573,34556,34444,0,0,0,0,0,0,0,0,0,0,0,0,0,0
2049,烈阳之心圣装,0,0,0,34571,34554,34445,0,0,0,0,0,0,0,0,0,0,0,0,0,0
2068,枯萎行者护甲,0,0,0,271839,271840,271841,271842,271843,0,0,0,0,0,0,0,0,0,0,0,0
2069,枯萎行者战甲,0,0,0,271844,271845,271846,271847,271848,0,0,0,0,0,0,0,0,0,0,0,0
