ID,Name_lang,Description_lang,MinLevel,MaxLevel,TypeID,Subtype,Faction,IconTextureFileID,RewardsBgTextureFileID,PopupBgTextureFileID,ExpansionLevel,MapID,DifficultyID,MinGear,Group_ID,Order_index,Required_player_condition_ID,Field_1_15_8_63829_017,Field_1_15_8_63829_018,Field_1_15_8_63829_019,Random_ID,ScenarioID,FinalEncounterID,Count_tank,Count_healer,Count_damage,Min_count_tank,Min_count_healer,Min_count_damage,Max_premade_count_tank,Max_premade_count_healer,Max_premade_count_damage,Bonus_reputation_amount,Field_5_5_4_67090_033,Field_5_5_4_67090_034,Flags_0,Flags_1
1,哀嚎洞穴,,17,25,1,1,-1,136364,0,0,0,43,1,0,1,0,0,19,17,25,258,0,0,1,1,3,0,0,0,0,0,0,0,0,0,3,0
2,通灵学院,,57,65,1,1,-1,136355,0,0,0,289,1,0,1,0,0,60,57,65,0,0,0,1,1,3,0,0,0,0,0,0,0,0,0,3,0
4,怒焰裂谷,,15,20,1,1,-1,136350,0,0,0,389,1,0,1,0,0,16,15,20,258,0,0,1,1,3,0,0,0,0,0,0,0,0,0,3,0
6,死亡矿井,,17,25,1,1,-1,136332,0,0,0,36,1,0,1,0,0,19,17,25,258,0,0,1,1,3,0,0,0,0,0,0,0,0,0,3,0
8,影牙城堡,,18,26,1,1,-1,136357,0,0,0,33,1,0,1,0,0,20,18,26,258,0,0,1,1,3,0,0,0,0,0,0,0,0,0,3,0
10,黑暗深渊,,21,30,1,1,-1,136325,0,0,0,48,1,0,1,0,0,23,21,30,258,0,0,1,1,3,0,0,0,0,0,0,0,0,0,3,0
12,暴风城监狱,,22,30,1,1,-1,136358,0,0,0,34,1,0,1,0,0,24,22,30,258,0,0,1,1,3,0,0,0,0,0,0,0,0,0,3,0
14,诺莫瑞根,,25,33,1,1,-1,136336,0,0,0,90,1,0,1,0,0,27,25,33,258,0,0,1,1,3,0,0,0,0,0,0,0,0,0,3,0
16,剃刀沼泽,,24,32,1,1,-1,136353,0,0,0,47,1,0,1,0,0,26,24,32,258,0,0,1,1,3,0,0,0,0,0,0,0,0,0,3,0
18,"血色修道院 - 墓地",,29,37,1,1,-1,136354,0,0,0,189,1,0,1,0,0,31,29,37,258,0,0,1,1,3,0,0,0,0,0,0,0,0,0,3,0
20,剃刀高地,,34,42,1,1,-1,136352,0,0,0,129,1,0,1,0,0,36,34,42,258,0,0,1,1,3,0,0,0,0,0,0,0,0,0,3,0
22,奥达曼,,37,45,1,1,-1,136363,0,0,0,70,1,0,1,0,0,39,37,45,258,0,0,1,1,3,0,0,0,0,0,0,0,0,0,3,0
24,祖尔法拉克,,43,51,1,1,-1,136368,0,0,0,209,1,0,1,0,0,45,43,51,258,0,0,1,1,3,0,0,0,0,0,0,0,0,0,3,0
26,玛拉顿－橙色水晶入口,,43,51,1,1,-1,136345,0,0,0,349,1,0,1,0,0,45,43,51,258,0,0,1,1,3,0,0,0,0,0,0,0,0,0,3,0
28,沉没的神庙,,47,55,1,1,-1,136360,0,0,0,109,1,0,1,0,0,49,47,55,258,0,0,1,1,3,0,0,0,0,0,0,0,0,0,3,0
30,黑石深渊－监狱区,,49,57,1,1,-1,136326,0,0,0,230,1,0,1,0,0,51,49,57,258,0,0,1,1,3,0,0,0,0,0,0,0,0,0,3,0
32,黑石塔下层,,57,65,1,1,-1,136327,0,0,0,229,1,0,1,0,0,58,57,65,258,0,0,1,1,3,0,0,0,0,0,0,0,0,0,3,0
34,"厄运之槌 - 东",,55,63,1,1,-1,136333,0,0,0,429,1,0,1,0,0,57,55,63,258,0,0,1,1,3,0,0,0,0,0,0,0,0,0,3,0
36,"厄运之槌 - 西",,58,65,1,1,-1,136333,0,0,0,429,1,0,1,0,0,58,58,65,258,0,0,1,1,3,0,0,0,0,0,0,0,0,0,3,0
38,"厄运之槌 - 北",,57,65,1,1,-1,136333,0,0,0,429,1,0,1,0,0,60,57,65,0,0,0,1,1,3,0,0,0,0,0,0,0,0,0,3,0
40,斯坦索姆－正门,,57,65,1,1,-1,136359,0,0,0,329,1,0,1,0,0,60,57,65,0,0,0,1,1,3,0,0,0,0,0,0,0,0,0,3,0
42,祖尔格拉布,,56,83,2,2,-1,136369,0,0,0,309,148,0,6,0,0,60,57,63,0,0,0,0,0,0,0,0,0,0,0,0,0,0,0,0,0
44,黑石塔上层,,56,83,2,2,-1,136327,0,0,0,229,1,0,6,0,0,60,57,63,0,0,0,1,1,3,0,0,0,0,0,0,0,0,0,3,0
46,奥妮克希亚的巢穴,,80,83,2,2,-1,0,0,0,2,249,3,90,8,0,0,80,80,83,0,0,0,0,0,0,0,0,0,0,0,0,0,0,0,0,0
48,熔火之心,,60,83,2,2,-1,136346,0,0,0,409,9,0,6,0,0,60,60,63,0,0,0,0,0,0,0,0,0,0,0,0,0,0,0,0,0
50,黑翼之巢,,60,83,2,2,-1,136329,0,0,0,469,9,0,6,0,0,60,60,63,0,0,0,0,0,0,0,0,0,0,0,0,0,0,0,0,0
58,艾尔文森林,,1,14,4,0,1,0,0,0,0,0,0,0,0,0,0,0,0,0,0,0,0,0,0,0,0,0,0,0,0,0,0,0,0,0,0
60,西部荒野,,8,24,4,0,1,0,0,0,0,0,0,0,0,0,0,0,0,0,0,0,0,0,0,0,0,0,0,0,0,0,0,0,0,0,0
62,暮色森林,,18,34,4,0,-1,0,0,0,0,0,0,0,0,0,0,0,0,0,0,0,0,0,0,0,0,0,0,0,0,0,0,0,0,0,0
64,丹莫罗,,1,14,4,0,1,0,0,0,0,0,0,0,0,0,0,0,0,0,0,0,0,0,0,0,0,0,0,0,0,0,0,0,0,0,0
66,洛克莫丹,,8,24,4,0,1,0,0,0,0,0,0,0,0,0,0,0,0,0,0,0,0,0,0,0,0,0,0,0,0,0,0,0,0,0,0
68,湿地,,18,34,4,0,-1,0,0,0,0,0,0,0,0,0,0,0,0,0,0,0,0,0,0,0,0,0,0,0,0,0,0,0,0,0,0
70,荆棘谷,,28,50,4,0,-1,0,0,0,0,0,0,0,0,0,0,0,0,0,0,0,0,0,0,0,0,0,0,0,0,0,0,0,0,0,0
72,诅咒之地,,43,60,4,0,-1,0,0,0,0,0,0,0,0,0,0,0,0,0,0,0,0,0,0,0,0,0,0,0,0,0,0,0,0,0,0
74,悲伤沼泽,,33,50,4,0,-1,0,0,0,0,0,0,0,0,0,0,0,0,0,0,0,0,0,0,0,0,0,0,0,0,0,0,0,0,0,0
76,赤脊山,,13,30,4,0,-1,0,0,0,0,0,0,0,0,0,0,0,0,0,0,0,0,0,0,0,0,0,0,0,0,0,0,0,0,0,0
78,燃烧平原,,48,60,4,0,-1,0,0,0,0,0,0,0,0,0,0,0,0,0,0,0,0,0,0,0,0,0,0,0,0,0,0,0,0,0,0
80,灼热峡谷,,43,60,4,0,-1,0,0,0,0,0,0,0,0,0,0,0,0,0,0,0,0,0,0,0,0,0,0,0,0,0,0,0,0,0,0
82,荒芜之地,,33,50,4,0,-1,0,0,0,0,0,0,0,0,0,0,0,0,0,0,0,0,0,0,0,0,0,0,0,0,0,0,0,0,0,0
84,阿拉希高地,,28,44,4,0,-1,0,0,0,0,0,0,0,0,0,0,0,0,0,0,0,0,0,0,0,0,0,0,0,0,0,0,0,0,0,0
86,希尔斯布莱德丘陵,,18,34,4,0,-1,0,0,0,0,0,0,0,0,0,0,0,0,0,0,0,0,0,0,0,0,0,0,0,0,0,0,0,0,0,0
88,辛特兰,,38,54,4,0,-1,0,0,0,0,0,0,0,0,0,0,0,0,0,0,0,0,0,0,0,0,0,0,0,0,0,0,0,0,0,0
90,西瘟疫之地,,48,60,4,0,-1,0,0,0,0,0,0,0,0,0,0,0,0,0,0,0,0,0,0,0,0,0,0,0,0,0,0,0,0,0,0
92,东瘟疫之地,,53,63,4,0,-1,0,0,0,0,0,0,0,0,0,0,0,0,0,0,0,0,0,0,0,0,0,0,0,0,0,0,0,0,0,0
94,提瑞斯法林地,,1,14,4,0,0,0,0,0,0,0,0,0,0,0,0,0,0,0,0,0,0,0,0,0,0,0,0,0,0,0,0,0,0,0,0
96,银松森林,,8,24,4,0,0,0,0,0,0,0,0,0,0,0,0,0,0,0,0,0,0,0,0,0,0,0,0,0,0,0,0,0,0,0,0
98,奥特兰克山脉,,28,44,4,0,-1,0,0,0,0,0,0,0,0,0,0,0,0,0,0,0,0,0,0,0,0,0,0,0,0,0,0,0,0,0,0
100,杜隆塔尔,,1,14,4,0,0,0,0,0,0,0,0,0,0,0,0,0,0,0,0,0,0,0,0,0,0,0,0,0,0,0,0,0,0,0,0
102,莫高雷,,1,14,4,0,0,0,0,0,0,0,0,0,0,0,0,0,0,0,0,0,0,0,0,0,0,0,0,0,0,0,0,0,0,0,0
104,贫瘠之地,,8,30,4,0,0,0,0,0,0,0,0,0,0,0,0,0,0,0,0,0,0,0,0,0,0,0,0,0,0,0,0,0,0,0,0
106,石爪山脉,,13,32,4,0,-1,0,0,0,0,0,0,0,0,0,0,0,0,0,0,0,0,0,0,0,0,0,0,0,0,0,0,0,0,0,0
108,千针石林,,23,40,4,0,-1,0,0,0,0,0,0,0,0,0,0,0,0,0,0,0,0,0,0,0,0,0,0,0,0,0,0,0,0,0,0
110,凄凉之地,,28,44,4,0,-1,0,0,0,0,0,0,0,0,0,0,0,0,0,0,0,0,0,0,0,0,0,0,0,0,0,0,0,0,0,0
112,菲拉斯,,38,54,4,0,-1,0,0,0,0,0,0,0,0,0,0,0,0,0,0,0,0,0,0,0,0,0,0,0,0,0,0,0,0,0,0
114,尘泥沼泽,,33,50,4,0,-1,0,0,0,0,0,0,0,0,0,0,0,0,0,0,0,0,0,0,0,0,0,0,0,0,0,0,0,0,0,0
116,塔纳利斯,,38,54,4,0,-1,0,0,0,0,0,0,0,0,0,0,0,0,0,0,0,0,0,0,0,0,0,0,0,0,0,0,0,0,0,0
118,安戈洛环形山,,45,60,4,0,-1,0,0,0,0,0,0,0,0,0,0,0,0,0,0,0,0,0,0,0,0,0,0,0,0,0,0,0,0,0,0
120,希利苏斯,,53,60,4,0,-1,0,0,0,0,0,0,0,0,0,0,0,0,0,0,0,0,0,0,0,0,0,0,0,0,0,0,0,0,0,0
122,泰达希尔,,1,14,4,0,1,0,0,0,0,0,0,0,0,0,0,0,0,0,0,0,0,0,0,0,0,0,0,0,0,0,0,0,0,0,0
124,黑海岸,,8,24,4,0,1,0,0,0,0,0,0,0,0,0,0,0,0,0,0,0,0,0,0,0,0,0,0,0,0,0,0,0,0,0,0
126,灰谷,,18,34,4,0,-1,0,0,0,0,0,0,0,0,0,0,0,0,0,0,0,0,0,0,0,0,0,0,0,0,0,0,0,0,0,0
128,费伍德森林,,46,60,4,0,-1,0,0,0,0,0,0,0,0,0,0,0,0,0,0,0,0,0,0,0,0,0,0,0,0,0,0,0,0,0,0
130,艾萨拉,,43,60,4,0,-1,0,0,0,0,0,0,0,0,0,0,0,0,0,0,0,0,0,0,0,0,0,0,0,0,0,0,0,0,0,0
132,冬泉谷,,53,63,4,0,-1,0,0,0,0,0,0,0,0,0,0,0,0,0,0,0,0,0,0,0,0,0,0,0,0,0,0,0,0,0,0
136,地狱火城墙,,59,67,1,1,-1,136338,0,0,1,543,1,0,2,0,0,63,59,67,259,0,0,1,1,3,0,0,0,0,0,0,0,0,0,3,0
137,鲜血熔炉,,61,68,1,1,-1,136338,0,0,1,542,1,0,2,0,0,64,61,68,259,0,0,1,1,3,0,0,0,0,0,0,0,0,0,3,0
138,破碎大厅,,69,75,1,1,-1,136338,0,0,1,540,1,0,2,0,0,70,69,75,0,0,0,1,1,3,0,0,0,0,0,0,0,0,0,3,0
140,奴隶围栏,,62,69,1,1,-1,136331,0,0,1,547,1,0,2,0,0,65,62,69,259,0,0,1,1,3,0,0,0,0,0,0,0,0,0,3,0
146,幽暗沼泽,,63,70,1,1,-1,136331,0,0,1,546,1,0,2,0,0,66,63,70,259,0,0,1,1,3,0,0,0,0,0,0,0,0,0,3,0
147,蒸汽地窟,,69,75,1,1,-1,136331,0,0,1,545,1,0,2,0,0,70,69,75,0,0,0,1,1,3,0,0,0,0,0,0,0,0,0,3,0
148,法力陵墓,,64,71,1,1,-1,136323,0,0,1,557,1,0,2,0,0,67,64,71,259,0,0,1,1,3,0,0,0,0,0,0,0,0,0,3,0
149,奥金尼地穴,,65,72,1,1,-1,136323,0,0,1,558,1,0,2,0,0,68,65,72,259,0,0,1,1,3,0,0,0,0,0,0,0,0,0,3,0
150,塞泰克大厅,,67,73,1,1,-1,136323,0,0,1,556,1,0,2,0,0,69,67,73,259,0,0,1,1,3,0,0,0,0,0,0,0,0,0,3,0
151,暗影迷宫,,69,75,1,1,-1,136323,0,0,1,555,1,0,2,0,0,70,69,75,0,0,0,1,1,3,0,0,0,0,0,0,0,0,0,3,0
152,地狱火半岛,,57,66,4,0,-1,136348,0,0,1,0,0,0,0,0,0,0,0,0,0,0,0,0,0,0,0,0,0,0,0,0,0,0,0,0,0
153,赞加沼泽,,58,67,4,0,-1,136348,0,0,1,0,0,0,0,0,0,0,0,0,0,0,0,0,0,0,0,0,0,0,0,0,0,0,0,0,0
154,泰罗卡森林,,60,68,4,0,-1,136348,0,0,1,0,0,0,0,0,0,0,0,0,0,0,0,0,0,0,0,0,0,0,0,0,0,0,0,0,0
155,纳格兰,,62,70,4,0,-1,136348,0,0,1,0,0,0,0,0,0,0,0,0,0,0,0,0,0,0,0,0,0,0,0,0,0,0,0,0,0
156,影月谷,,65,73,4,0,-1,136348,0,0,1,0,0,0,0,0,0,0,0,0,0,0,0,0,0,0,0,0,0,0,0,0,0,0,0,0,0
157,刀锋山,,63,71,4,0,-1,136348,0,0,1,0,0,0,0,0,0,0,0,0,0,0,0,0,0,0,0,0,0,0,0,0,0,0,0,0,0
158,虚空风暴,,65,73,4,0,-1,136348,0,0,1,0,0,0,0,0,0,0,0,0,0,0,0,0,0,0,0,0,0,0,0,0,0,0,0,0,0
159,纳克萨玛斯,,80,83,2,2,-1,136347,0,0,2,533,3,90,8,0,0,80,80,83,0,0,0,0,0,0,0,0,0,0,0,0,0,0,0,0,0
160,安其拉废墟,,60,83,2,2,-1,136320,0,0,0,509,148,0,6,0,0,60,60,63,0,0,0,0,0,0,0,0,0,0,0,0,0,0,0,0,0
161,安其拉神殿,,60,83,2,2,-1,136321,0,0,0,531,9,0,6,0,0,60,60,63,0,0,0,0,0,0,0,0,0,0,0,0,0,0,0,0,0
163,"血色修道院 - 军械库",,34,42,1,1,-1,136354,0,0,0,189,1,0,1,0,0,36,34,42,258,0,0,1,1,3,0,0,0,0,0,0,0,0,0,3,0
164,"血色修道院 - 教堂",,37,45,1,1,-1,136354,0,0,0,189,1,0,1,0,0,39,37,45,258,0,0,1,1,3,0,0,0,0,0,0,0,0,0,3,0
165,"血色修道院 - 图书馆",,32,40,1,1,-1,136354,0,0,0,189,1,0,1,0,0,34,32,40,258,0,0,1,1,3,0,0,0,0,0,0,0,0,0,3,0
166,永歌森林,,1,14,4,0,0,0,0,0,1,0,0,0,0,0,0,0,0,0,0,0,0,0,0,0,0,0,0,0,0,0,0,0,0,0,0
167,秘蓝岛,,1,14,4,0,1,0,0,0,1,0,0,0,0,0,0,0,0,0,0,0,0,0,0,0,0,0,0,0,0,0,0,0,0,0,0
168,幽魂之地,,8,24,4,0,0,0,0,0,1,0,0,0,0,0,0,0,0,0,0,0,0,0,0,0,0,0,0,0,0,0,0,0,0,0,0
169,秘血岛,,8,24,4,0,1,0,0,0,1,0,0,0,0,0,0,0,0,0,0,0,0,0,0,0,0,0,0,0,0,0,0,0,0,0,0
170,逃离敦霍尔德,,66,73,1,1,-1,136330,0,0,1,560,1,0,2,0,6022,69,66,73,259,0,0,1,1,3,0,0,0,0,0,0,0,0,0,3,0
171,黑色沼泽,,69,75,1,1,-1,136330,0,0,1,269,1,0,2,0,6023,70,69,75,0,0,0,1,1,3,0,0,0,0,0,0,0,0,0,3,0
172,能源舰,,70,75,1,1,-1,136362,0,0,1,554,1,0,2,0,0,70,70,75,0,0,0,1,1,3,0,0,0,0,0,0,0,0,0,3,0
173,生态船,,70,75,1,1,-1,136362,0,0,1,553,1,0,2,0,0,70,70,75,0,0,0,1,1,3,0,0,0,0,0,0,0,0,0,3,0
174,禁魔监狱,,70,75,1,1,-1,136362,0,0,1,552,1,0,2,0,0,70,70,75,0,0,0,1,1,3,0,0,0,0,0,0,0,0,0,3,0
175,卡拉赞,,70,83,2,2,-1,136343,0,0,1,532,3,0,7,0,0,70,70,73,0,0,0,0,0,0,0,0,0,0,0,0,0,0,0,0,0
176,玛瑟里顿的巢穴,,70,83,2,2,-1,136340,0,0,1,544,4,0,7,0,0,70,70,73,0,0,0,0,0,0,0,0,0,0,0,0,0,0,0,0,0
177,格鲁尔的巢穴,,70,83,2,2,-1,136337,0,0,1,565,4,0,7,0,0,70,70,73,0,0,0,0,0,0,0,0,0,0,0,0,0,0,0,0,0
178,奥金尼地穴,,70,75,1,1,-1,136323,0,0,1,558,2,0,3,0,6154,70,70,75,260,0,0,1,1,3,0,0,0,0,0,0,0,0,0,3,0
179,法力陵墓,,70,75,1,1,-1,136323,0,0,1,557,2,0,3,0,6154,70,70,75,260,0,0,1,1,3,0,0,0,0,0,0,0,0,0,3,0
180,塞泰克大厅,,70,75,1,1,-1,136323,0,0,1,556,2,0,3,0,6154,70,70,75,260,0,0,1,1,3,0,0,0,0,0,0,0,0,0,3,0
181,暗影迷宫,,70,75,1,1,-1,136323,0,0,1,555,2,0,3,0,6864,70,70,75,260,0,0,1,1,3,0,0,0,0,0,0,0,0,0,3,0
182,黑色沼泽,,70,75,1,1,-1,136330,0,0,1,269,2,0,3,0,6147,70,70,75,260,0,0,1,1,3,0,0,0,0,0,0,0,0,0,3,0
183,逃离敦霍尔德,,70,75,1,1,-1,136330,0,0,1,560,2,0,3,0,6147,70,70,75,260,0,0,1,1,3,0,0,0,0,0,0,0,0,0,3,0
184,奴隶围栏,,70,75,1,1,-1,136331,0,0,1,547,2,0,3,0,6144,70,70,75,260,0,0,1,1,3,0,0,0,0,0,0,0,0,0,3,0
185,蒸汽地窟,,70,75,1,1,-1,136331,0,0,1,545,2,0,3,0,6144,70,70,75,260,0,0,1,1,3,0,0,0,0,0,0,0,0,0,3,0
186,幽暗沼泽,,70,75,1,1,-1,136331,0,0,1,546,2,0,3,0,6144,70,70,75,260,0,0,1,1,3,0,0,0,0,0,0,0,0,0,3,0
187,鲜血熔炉,,70,75,1,1,-1,136338,0,0,1,542,2,0,3,0,6145,70,70,75,260,0,0,1,1,3,0,0,0,0,0,0,0,0,0,3,0
188,地狱火城墙,,70,75,1,1,-1,136338,0,0,1,543,2,0,3,0,6145,70,70,75,260,0,0,1,1,3,0,0,0,0,0,0,0,0,0,3,0
189,破碎大厅,,70,75,1,1,-1,136338,0,0,1,540,2,0,3,0,6145,70,70,75,260,0,0,1,1,3,0,0,0,0,0,0,0,0,0,3,0
190,禁魔监狱,,70,75,1,1,-1,136362,0,0,1,552,2,0,3,0,6148,70,70,75,260,0,0,1,1,3,0,0,0,0,0,0,0,0,0,3,0
191,生态船,,70,75,1,1,-1,136362,0,0,1,553,2,0,3,0,6148,70,70,75,260,0,0,1,1,3,0,0,0,0,0,0,0,0,0,3,0
192,能源舰,,70,75,1,1,-1,136362,0,0,1,554,2,0,3,0,6148,70,70,75,260,0,0,1,1,3,0,0,0,0,0,0,0,0,0,3,0
193,风暴要塞,,70,83,2,2,-1,136362,0,0,1,550,4,0,7,0,0,70,70,73,0,0,0,0,0,0,0,0,0,0,0,0,0,0,0,0,0
194,毒蛇神殿,,70,83,2,2,-1,136356,0,0,1,548,4,0,7,0,0,70,70,73,0,0,0,0,0,0,0,0,0,0,0,0,0,0,0,0,0
195,海加尔,,70,83,2,2,-1,136341,0,0,1,534,4,0,7,0,0,70,70,73,0,0,0,0,0,0,0,0,0,0,0,0,0,0,0,0,0
196,黑暗神殿,,70,83,2,2,-1,136328,0,0,1,564,4,0,7,0,0,70,70,73,0,0,0,0,0,0,0,0,0,0,0,0,0,0,0,0,0
197,祖阿曼,,70,83,2,2,-1,136367,0,0,1,568,3,0,7,0,0,70,70,73,0,0,0,0,0,0,0,0,0,0,0,0,0,0,0,0,0
198,魔导师平台,,68,75,1,1,-1,136344,0,0,1,585,1,0,2,0,0,70,70,73,0,0,0,1,1,3,0,0,0,0,0,0,0,0,0,3,0
199,太阳之井,,70,83,2,2,-1,136361,0,0,1,580,4,0,7,0,0,70,70,73,0,0,0,0,0,0,0,0,0,0,0,0,0,0,0,0,0
200,奎尔丹纳斯岛,,69,72,4,0,-1,0,0,0,1,530,0,0,0,0,0,0,0,0,0,0,0,0,0,0,0,0,0,0,0,0,0,0,0,0,0
201,魔导师平台,,70,75,1,1,-1,136344,0,0,1,585,2,0,3,0,6728,70,70,75,260,0,0,1,1,3,0,0,0,0,0,0,0,0,0,3,0
202,乌特加德城堡,,68,80,1,1,-1,237605,0,0,2,574,1,0,4,0,0,72,68,79,261,0,0,1,1,3,0,0,0,0,0,0,0,0,0,3,0
203,乌特加德之巅,,78,80,1,1,-1,237606,0,0,2,575,1,0,4,0,0,80,78,80,261,0,0,1,1,3,0,0,0,0,0,0,0,0,0,3,0
204,艾卓-尼鲁布,,72,80,1,1,-1,237593,0,0,2,601,1,0,4,0,0,74,72,80,261,0,0,1,1,3,0,0,0,0,0,0,0,0,0,3,0
205,乌特加德之巅,,80,83,1,1,-1,237606,0,0,2,575,2,180,5,0,0,80,80,83,262,0,0,1,1,3,0,0,0,0,0,0,0,0,0,3,0
206,魔环,,78,80,1,1,-1,237603,0,0,2,578,1,0,4,0,0,80,78,80,261,0,0,1,1,3,0,0,0,0,0,0,0,0,0,3,0
207,闪电大厅,,78,80,1,1,-1,237598,0,0,2,602,1,0,4,0,0,80,78,80,261,0,0,1,1,3,0,0,0,0,0,0,0,0,0,3,0
208,岩石大厅,,76,80,1,1,-1,237599,0,0,2,599,1,0,4,0,0,78,76,80,261,0,0,1,1,3,0,0,0,0,0,0,0,0,0,3,0
209,净化斯坦索姆,,78,80,1,1,-1,136330,0,0,2,595,1,0,4,0,0,80,78,80,261,0,0,1,1,3,0,0,0,0,0,0,0,0,0,3,0
210,净化斯坦索姆,,80,83,1,1,-1,136330,0,0,2,595,2,180,5,0,0,80,80,83,262,0,0,1,1,3,0,0,0,0,0,0,0,0,0,3,0
211,魔环,,80,83,1,1,-1,237603,0,0,2,578,2,180,5,0,0,80,80,83,262,0,0,1,1,3,0,0,0,0,0,0,0,0,0,3,0
212,闪电大厅,,80,83,1,1,-1,237598,0,0,2,602,2,180,5,0,0,80,80,83,262,0,0,1,1,3,0,0,0,0,0,0,0,0,0,3,0
213,岩石大厅,,80,83,1,1,-1,237599,0,0,2,599,2,180,5,0,0,80,80,83,262,0,0,1,1,3,0,0,0,0,0,0,0,0,0,3,0
214,达克萨隆要塞,,73,80,1,1,-1,237595,0,0,2,600,1,0,4,0,0,75,73,80,261,0,0,1,1,3,0,0,0,0,0,0,0,0,0,3,0
215,达克萨隆要塞,,80,83,1,1,-1,237595,0,0,2,600,2,180,5,0,0,80,80,83,262,0,0,1,1,3,0,0,0,0,0,0,0,0,0,3,0
216,古达克,,75,80,1,1,-1,237596,0,0,2,604,1,0,4,0,0,78,75,80,261,0,0,1,1,3,0,0,0,0,0,0,0,0,0,3,0
217,古达克,,80,83,1,1,-1,237596,0,0,2,604,2,180,5,0,0,80,80,83,262,0,0,1,1,3,0,0,0,0,0,0,0,0,0,3,0
218,安卡赫特：古代王国,,72,80,1,1,-1,237592,0,0,2,619,1,0,4,0,0,75,72,80,261,0,0,1,1,3,0,0,0,0,0,0,0,0,0,3,0
219,安卡赫特：古代王国,,80,83,1,1,-1,237592,0,0,2,619,2,180,5,0,0,80,80,83,262,0,0,1,1,3,0,0,0,0,0,0,0,0,0,3,0
220,紫罗兰监狱,,74,80,1,1,-1,237604,0,0,2,608,1,0,4,0,0,76,74,80,261,0,0,1,1,3,0,0,0,0,0,0,0,0,0,3,0
221,紫罗兰监狱,,80,83,1,1,-1,237604,0,0,2,608,2,180,5,0,0,80,80,83,262,0,0,1,1,3,0,0,0,0,0,0,0,0,0,3,0
223,永恒之眼,,80,83,2,2,-1,237600,0,0,2,616,3,90,8,0,0,80,80,83,0,0,0,0,0,0,0,0,0,0,0,0,0,0,0,0,0
224,黑曜石圣殿,,80,83,2,2,-1,237594,0,0,2,615,3,90,8,0,0,80,80,83,0,0,0,0,0,0,0,0,0,0,0,0,0,0,0,0,0
225,魔枢,,70,80,1,1,-1,237602,0,0,2,576,1,0,4,0,0,73,70,79,261,0,0,1,1,3,0,0,0,0,0,0,0,0,0,3,0
226,魔枢,,80,83,1,1,-1,237602,0,0,2,576,2,180,5,0,0,80,80,83,262,0,0,1,1,3,0,0,0,0,0,0,0,0,0,3,0
227,纳克萨玛斯,,80,83,2,2,-1,136347,0,0,2,533,4,90,9,0,0,80,80,83,0,0,0,0,0,0,0,0,0,0,0,0,0,0,0,0,0
228,北风苔原,,68,72,4,0,-1,0,0,0,2,571,0,0,0,0,0,0,0,0,0,0,0,0,0,0,0,0,0,0,0,0,0,0,0,0,0
229,嚎风峡湾,,68,72,4,0,-1,0,0,0,2,571,0,0,0,0,0,0,0,0,0,0,0,0,0,0,0,0,0,0,0,0,0,0,0,0,0
230,灰熊丘陵,,70,74,4,0,-1,0,0,0,2,571,0,0,0,0,0,0,0,0,0,0,0,0,0,0,0,0,0,0,0,0,0,0,0,0,0
231,龙骨荒野,,71,75,4,0,-1,0,0,0,2,571,0,0,0,0,0,0,0,0,0,0,0,0,0,0,0,0,0,0,0,0,0,0,0,0,0
232,冬拥湖,,77,80,4,0,-1,0,0,0,2,571,0,0,0,0,0,0,0,0,0,0,0,0,0,0,0,0,0,0,0,0,0,0,0,0,0
233,祖达克,,73,77,4,0,-1,0,0,0,2,571,0,0,0,0,0,0,0,0,0,0,0,0,0,0,0,0,0,0,0,0,0,0,0,0,0
234,索拉查盆地,,75,79,4,0,-1,0,0,0,2,571,0,0,0,0,0,0,0,0,0,0,0,0,0,0,0,0,0,0,0,0,0,0,0,0,0
235,风暴峭壁,,77,80,4,0,-1,0,0,0,2,571,0,0,0,0,0,0,0,0,0,0,0,0,0,0,0,0,0,0,0,0,0,0,0,0,0
236,冰冠冰川,,77,80,4,0,-1,336390,0,0,2,571,0,0,0,0,0,0,0,0,0,0,0,0,0,0,0,0,0,0,0,0,0,0,0,0,0
237,永恒之眼,,80,83,2,2,-1,237600,0,0,2,616,4,90,9,0,0,80,80,83,0,0,0,0,0,0,0,0,0,0,0,0,0,0,0,0,0
238,黑曜石圣殿,,80,83,2,2,-1,237594,0,0,2,615,4,90,9,0,0,80,80,83,0,0,0,0,0,0,0,0,0,0,0,0,0,0,0,0,0
239,阿尔卡冯的宝库,,80,83,2,2,-1,303841,0,0,2,624,3,90,8,0,0,80,80,83,0,0,0,0,0,0,0,0,0,0,0,0,0,0,0,0,0
240,阿尔卡冯的宝库,,80,83,2,2,-1,303841,0,0,2,624,4,90,9,0,0,80,80,83,0,0,0,0,0,0,0,0,0,0,0,0,0,0,0,0,0
241,艾卓-尼鲁布,,80,83,1,1,-1,237593,0,0,2,601,2,180,5,0,0,80,80,83,262,0,0,1,1,3,0,0,0,0,0,0,0,0,0,3,0
242,乌特加德城堡,,80,83,1,1,-1,237605,0,0,2,574,2,180,5,0,0,80,80,83,262,0,0,1,1,3,0,0,0,0,0,0,0,0,0,3,0
243,奥杜尔,,80,83,2,2,-1,304468,0,0,2,603,3,108,8,0,0,80,80,83,0,0,0,0,0,0,0,0,0,0,0,0,0,0,0,0,0
244,奥杜尔,,80,83,2,2,-1,304468,0,0,2,603,4,108,9,0,0,80,80,83,0,0,0,0,0,0,0,0,0,0,0,0,0,0,0,0,0
245,冠军的试炼,,80,80,1,1,-1,311220,0,0,2,650,1,0,4,0,98125,80,80,80,261,0,0,1,1,3,0,0,0,0,0,0,0,0,0,32771,0
246,十字军的试炼,,80,83,2,2,-1,311221,0,0,2,649,3,116,8,0,0,80,80,83,0,0,0,0,0,0,0,0,0,0,0,0,0,0,0,0,0
247,大十字军的试炼,,80,83,2,2,-1,311221,0,0,2,649,5,130,8,0,0,80,80,83,0,0,0,0,0,0,0,0,0,0,0,0,0,0,0,0,0
248,十字军的试炼,,80,83,2,2,-1,311221,0,0,2,649,4,138,9,0,0,80,80,83,0,0,0,0,0,0,0,0,0,0,0,0,0,0,0,0,0
249,冠军的试炼,,80,83,1,1,-1,311220,0,0,2,650,2,180,5,0,98125,80,80,83,262,0,0,1,1,3,0,0,0,0,0,0,0,0,0,32771,16384
250,大十字军的试炼,,80,83,2,2,-1,311221,0,0,2,649,6,147,9,0,0,80,80,83,0,0,0,0,0,0,0,0,0,0,0,0,0,0,0,0,0
251,灵魂洪炉,,80,80,1,1,-1,336392,0,0,2,632,1,75,4,0,98129,80,80,80,261,0,0,1,1,3,0,0,0,0,0,0,0,0,0,32771,0
252,灵魂洪炉,,80,83,1,1,-1,336392,0,0,2,632,2,180,5,0,98129,80,80,83,262,0,0,1,1,3,0,0,0,0,0,0,0,0,0,32771,16384
253,萨隆矿坑,,80,80,1,1,-1,336391,0,0,2,658,1,75,4,0,8989,80,80,80,261,0,0,1,1,3,0,0,0,0,0,0,0,0,0,32771,0
254,萨隆矿坑,,80,83,1,1,-1,336391,0,0,2,658,2,180,5,0,8990,80,80,83,262,0,0,1,1,3,0,0,0,0,0,0,0,0,0,32771,16384
255,映像大厅,,80,80,1,1,-1,336389,0,0,2,668,1,75,4,0,8980,80,80,80,261,0,0,1,1,3,0,0,0,0,0,0,0,0,0,32771,0
256,映像大厅,,80,83,1,1,-1,336389,0,0,2,668,2,180,5,0,8981,80,80,83,262,0,0,1,1,3,0,0,0,0,0,0,0,0,0,32771,16384
257,奥妮克希亚的巢穴,,80,83,2,2,-1,0,0,0,2,249,4,90,9,0,0,80,80,83,0,0,0,0,0,0,0,0,0,0,0,0,0,0,0,0,0
258,随机经典旧世地下城,,15,58,6,1,-1,0,0,0,0,-1,0,0,1,0,0,55,15,58,0,0,0,1,1,3,0,0,0,0,0,0,0,0,0,3,0
259,随机燃烧的远征地下城,,59,68,6,1,-1,0,0,0,1,-1,0,0,2,0,0,65,59,68,0,0,0,1,1,3,0,0,0,0,0,0,0,0,0,3,0
260,随机燃烧的远征英雄难度地下城,,70,73,6,1,-1,0,0,0,1,-1,0,0,3,0,0,70,70,73,0,0,0,1,1,3,0,0,0,0,0,0,0,0,0,3,0
261,随机巫妖王之怒地下城,,69,80,6,1,-1,0,0,0,2,-1,0,0,4,0,0,80,69,80,0,0,0,1,1,3,0,0,0,0,0,0,0,0,0,3,0
262,随机巫妖王之怒英雄地下城,,80,83,6,1,-1,0,0,0,2,-1,0,180,5,0,0,80,80,83,0,0,0,1,1,3,0,0,0,0,0,0,0,0,0,3,0
272,玛拉顿－紫色水晶入口,,41,49,1,1,-1,136345,0,0,0,349,1,0,1,0,0,43,41,49,258,0,0,1,1,3,0,0,0,0,0,0,0,0,0,3,0
273,玛拉顿－水池入口,,45,53,1,1,-1,136345,0,0,0,349,1,0,1,0,0,47,45,53,258,0,0,1,1,3,0,0,0,0,0,0,0,0,0,3,0
274,斯坦索姆－后门,,57,65,1,1,-1,136359,0,0,0,329,1,0,1,0,0,60,57,65,0,0,0,1,1,3,0,0,0,0,0,0,0,0,0,3,0
276,黑石深渊－上层区,,53,61,1,1,-1,136326,0,0,0,230,1,0,1,0,0,55,53,61,258,0,0,1,1,3,0,0,0,0,0,0,0,0,0,3,0
279,冰冠堡垒,,80,83,2,2,-1,336390,0,0,2,631,3,138,8,0,0,80,80,83,0,0,0,0,0,0,0,0,0,0,0,0,0,0,0,0,0
280,冰冠堡垒,,80,83,2,2,-1,336390,0,0,2,631,4,147,9,0,0,80,80,83,0,0,0,0,0,0,0,0,0,0,0,0,0,0,0,0,0
285,无头骑士,在疯狂的无头骑士烧毁艾泽拉斯的每一座村庄之前击败他。,78,82,1,1,-1,368563,0,0,0,189,1,0,11,0,5218,80,78,82,0,0,0,1,1,3,0,0,0,0,0,0,0,0,0,1073741839,0
286,冰霜之王埃霍恩,在冰霜之王埃霍恩将艾泽拉斯的夏日永久终结之前击败它。,78,82,1,1,-1,368565,0,0,1,547,1,0,11,0,9484,80,78,82,0,0,0,1,1,3,0,0,0,0,0,0,0,0,0,15,0
287,科林·烈酒,击败妒火中烧的科林·烈酒，阻止他对美酒节的疯狂破坏。,78,82,1,1,-1,368562,0,0,0,230,1,0,11,0,9485,80,78,82,0,0,0,1,1,3,0,0,0,0,0,0,0,0,0,1073741839,0
288,皇冠药剂公司,在皇冠药剂公司那群阴险的亡灵药剂师散播他们最新研制出来的恐怖瘟疫之前击败他们。,78,82,1,1,-1,368564,0,0,0,33,1,0,11,0,9397,80,78,82,0,0,0,1,1,3,0,0,0,0,0,0,0,0,0,15,0
293,红玉圣殿,,80,83,2,2,-1,366689,0,0,2,724,3,138,8,0,0,80,80,83,0,0,0,0,0,0,0,0,0,0,0,0,0,0,0,0,0
294,红玉圣殿,,80,83,2,2,-1,366689,0,0,2,724,4,138,9,0,0,80,80,83,0,0,0,0,0,0,0,0,0,0,0,0,0,0,0,0,0
2447,随机巫妖王之怒泰坦符文协议伽马,,80,83,6,1,-1,0,0,0,2,-1,0,210,174,100,110882,80,80,83,0,0,0,1,1,3,0,0,0,0,0,0,0,0,0,3,16384
2448,乌特加德城堡,,80,83,1,1,-1,237605,0,0,2,574,2,210,174,0,110882,80,80,83,2447,0,0,1,1,3,0,0,0,0,0,0,0,0,0,32771,16384
2449,净化斯坦索姆,,80,83,1,1,-1,136330,0,0,2,595,2,210,174,0,110882,80,80,83,2447,0,0,1,1,3,0,0,0,0,0,0,0,0,0,32771,16384
2450,魔枢,,80,83,1,1,-1,237602,0,0,2,576,2,210,174,0,110882,80,80,83,2447,0,0,1,1,3,0,0,0,0,0,0,0,0,0,32771,16384
2451,魔环,,80,83,1,1,-1,237603,0,0,2,578,2,210,174,0,110882,80,80,83,2447,0,0,1,1,3,0,0,0,0,0,0,0,0,0,32771,16384
2452,冠军的试炼,,80,83,1,1,-1,311220,0,0,2,650,2,210,174,0,110882,80,80,83,2447,0,0,1,1,3,0,0,0,0,0,0,0,0,0,32771,16384
2453,乌特加德之巅,,80,83,1,1,-1,237606,0,0,2,575,2,210,174,0,110882,80,80,83,2447,0,0,1,1,3,0,0,0,0,0,0,0,0,0,32771,16384
2454,紫罗兰监狱,,80,83,1,1,-1,237604,0,0,2,608,2,210,174,0,110882,80,80,83,2447,0,0,1,1,3,0,0,0,0,0,0,0,0,0,32771,16384
2455,安卡赫特：古代王国,,80,83,1,1,-1,237592,0,0,2,619,2,210,174,0,110882,80,80,83,2447,0,0,1,1,3,0,0,0,0,0,0,0,0,0,32771,16384
2456,艾卓-尼鲁布,,80,83,1,1,-1,237593,0,0,2,601,2,210,174,0,110882,80,80,83,2447,0,0,1,1,3,0,0,0,0,0,0,0,0,0,32771,16384
2457,达克萨隆要塞,,80,83,1,1,-1,237595,0,0,2,600,2,210,174,0,110882,80,80,83,2447,0,0,1,1,3,0,0,0,0,0,0,0,0,0,32771,16384
2458,古达克,,80,83,1,1,-1,237596,0,0,2,604,2,210,174,0,110882,80,80,83,2447,0,0,1,1,3,0,0,0,0,0,0,0,0,0,32771,16384
2459,闪电大厅,,80,83,1,1,-1,237598,0,0,2,602,2,210,174,0,110882,80,80,83,2447,0,0,1,1,3,0,0,0,0,0,0,0,0,0,32771,16384
2460,岩石大厅,,80,83,1,1,-1,237599,0,0,2,599,2,210,174,0,110882,80,80,83,2447,0,0,1,1,3,0,0,0,0,0,0,0,0,0,32771,16384
2461,映像大厅,,80,83,1,1,-1,336389,0,0,2,668,2,210,174,0,8981,80,80,83,2447,0,0,1,1,3,0,0,0,0,0,0,0,0,0,32771,0
2462,萨隆矿坑,,80,83,1,1,-1,336391,0,0,2,658,2,210,174,0,8990,80,80,83,2447,0,0,1,1,3,0,0,0,0,0,0,0,0,0,32771,0
2463,灵魂洪炉,,80,83,1,1,-1,336392,0,0,2,632,2,210,174,0,110882,80,80,83,2447,0,0,1,1,3,0,0,0,0,0,0,0,0,0,32771,16384
2470,随机巫妖王之怒泰坦符文协议贝塔,,80,83,6,1,-1,0,0,0,2,-1,0,200,175,0,110883,80,80,83,0,0,0,1,1,3,0,0,0,0,0,0,0,0,0,3,16384
2471,冠军的试炼,,80,83,1,1,-1,311220,0,0,2,650,2,200,175,0,110883,80,80,83,2470,0,0,1,1,3,0,0,0,0,0,0,0,0,0,32771,16384
2472,净化斯坦索姆,,80,83,1,1,-1,136330,0,0,2,595,2,200,175,0,110883,80,80,83,2470,0,0,1,1,3,0,0,0,0,0,0,0,0,0,32771,16384
2473,岩石大厅,,80,83,1,1,-1,237599,0,0,2,599,2,200,175,0,110883,80,80,83,2470,0,0,1,1,3,0,0,0,0,0,0,0,0,0,32771,16384
2474,乌特加德城堡,,80,83,1,1,-1,237605,0,0,2,574,2,200,175,0,110883,80,80,83,2470,0,0,1,1,3,0,0,0,0,0,0,0,0,0,32771,16384
2475,紫罗兰监狱,,80,83,1,1,-1,237604,0,0,2,608,2,200,175,0,110883,80,80,83,2470,0,0,1,1,3,0,0,0,0,0,0,0,0,0,32771,16384
2476,安卡赫特：古代王国,,80,83,1,1,-1,237592,0,0,2,619,2,200,175,0,110883,80,80,83,2470,0,0,1,1,3,0,0,0,0,0,0,0,0,0,32771,16384
2477,魔枢,,80,83,1,1,-1,237602,0,0,2,576,2,200,175,0,110883,80,80,83,2470,0,0,1,1,3,0,0,0,0,0,0,0,0,0,32771,16384
2478,古达克,,80,83,1,1,-1,237596,0,0,2,604,2,200,175,0,110883,80,80,83,2470,0,0,1,1,3,0,0,0,0,0,0,0,0,0,32771,16384
2479,乌特加德之巅,,80,83,1,1,-1,237606,0,0,2,575,2,200,175,0,110883,80,80,83,2470,0,0,1,1,3,0,0,0,0,0,0,0,0,0,32771,16384
2480,闪电大厅,,80,83,1,1,-1,237598,0,0,2,602,2,200,175,0,110883,80,80,83,2470,0,0,1,1,3,0,0,0,0,0,0,0,0,0,32771,16384
2481,达克萨隆要塞,,80,83,1,1,-1,237595,0,0,2,600,2,200,175,0,110883,80,80,83,2470,0,0,1,1,3,0,0,0,0,0,0,0,0,0,32771,16384
2482,魔环,,80,83,1,1,-1,237603,0,0,2,578,2,200,175,0,110883,80,80,83,2470,0,0,1,1,3,0,0,0,0,0,0,0,0,0,32771,16384
2483,艾卓-尼鲁布,,80,83,1,1,-1,237593,0,0,2,601,2,200,175,0,110883,80,80,83,2470,0,0,1,1,3,0,0,0,0,0,0,0,0,0,32771,16384
2485,随机巫妖王之怒泰坦符文协议阿尔法,,80,83,6,1,-1,0,0,0,2,-1,0,187,176,0,110885,80,80,83,0,0,0,1,1,3,0,0,0,0,0,0,0,0,0,3,16384
2486,安卡赫特：古代王国,,80,83,1,1,-1,237592,0,0,2,619,2,187,176,0,110885,80,80,83,2485,0,0,1,1,3,0,0,0,0,0,0,0,0,0,3,16384
2487,闪电大厅,,80,83,1,1,-1,237598,0,0,2,602,2,187,176,0,110885,80,80,83,2485,0,0,1,1,3,0,0,0,0,0,0,0,0,0,3,16384
2488,岩石大厅,,80,83,1,1,-1,237599,0,0,2,599,2,187,176,0,110885,80,80,83,2485,0,0,1,1,3,0,0,0,0,0,0,0,0,0,3,16384
2489,乌特加德之巅,,80,83,1,1,-1,237606,0,0,2,575,2,187,176,0,110885,80,80,83,2485,0,0,1,1,3,0,0,0,0,0,0,0,0,0,3,16384
2490,古达克,,80,83,1,1,-1,237596,0,0,2,604,2,187,176,0,110885,80,80,83,2485,0,0,1,1,3,0,0,0,0,0,0,0,0,0,3,16384
2491,乌特加德城堡,,80,83,1,1,-1,237605,0,0,2,574,2,187,176,0,110885,80,80,83,2485,0,0,1,1,3,0,0,0,0,0,0,0,0,0,3,16384
2492,魔枢,,80,83,1,1,-1,237602,0,0,2,576,2,187,176,0,110885,80,80,83,2485,0,0,1,1,3,0,0,0,0,0,0,0,0,0,3,16384
2493,净化斯坦索姆,,80,83,1,1,-1,136330,0,0,2,595,2,187,176,0,110885,80,80,83,2485,0,0,1,1,3,0,0,0,0,0,0,0,0,0,3,16384
2494,艾卓-尼鲁布,,80,83,1,1,-1,237593,0,0,2,601,2,187,176,0,110885,80,80,83,2485,0,0,1,1,3,0,0,0,0,0,0,0,0,0,3,16384
2495,紫罗兰监狱,,80,83,1,1,-1,237604,0,0,2,608,2,187,176,0,110885,80,80,83,2485,0,0,1,1,3,0,0,0,0,0,0,0,0,0,3,16384
2496,达克萨隆要塞,,80,83,1,1,-1,237595,0,0,2,600,2,187,176,0,110885,80,80,83,2485,0,0,1,1,3,0,0,0,0,0,0,0,0,0,3,16384
2497,魔环,,80,83,1,1,-1,237603,0,0,2,578,2,187,176,0,110885,80,80,83,2485,0,0,1,1,3,0,0,0,0,0,0,0,0,0,3,16384
